timestamp,actual_ghi,pers_ghi,rf_ghi,mlp_ghi,actual_pv_kw,pers_pv_kw,rf_pv_kw,mlp_pv_kw
2026-04-07 06:00:00-06:00,0.0,0.0,0.0,0.0,0.0,0.0,0.0,0.0
2026-04-07 07:00:00-06:00,7.0,5.0,5.675597680097682,18.313442,0.5174068895490124,0.36947713831271806,0.4194387596218427,1.355698567030311
2026-04-07 08:00:00-06:00,130.0,114.0,116.94512442747074,110.06085,9.771896408446889,8.551105312865824,8.775435217475174,8.25132975492221
2026-04-07 09:00:00-06:00,332.0,308.0,311.0810616354896,284.8801,25.79584570438906,23.85774873283392,24.105917466439443,22.00153126624406
2026-04-07 10:00:00-06:00,529.0,504.0,451.5235444694197,494.58606,42.65788280351937,40.51690848704734,36.06321500989684,39.71392245836332
2026-04-07 11:00:00-06:00,689.0,672.0,645.0079564011622,676.8426,57.49159071852579,55.95973635423339,53.53928883772002,56.39551362450506
2026-04-07 12:00:00-06:00,792.0,792.0,691.3047295356572,672.0881,67.67630424932074,67.67630424932074,58.38128417006545,56.6302866079348
2026-04-07 13:00:00-06:00,780.0,852.0,718.9614969051202,687.5853,67.35269983715463,74.17847432817875,61.646666119952954,58.74230988947772
2026-04-07 14:00:00-06:00,764.0,834.0,688.126964154592,698.58765,66.55286065077681,73.22983179102684,59.42549366585693,60.40136141889065
2026-04-07 15:00:00-06:00,721.0,766.0,606.7115660936287,619.10266,63.11557146465067,67.396805073477,52.422951039822756,53.569712995226276
2026-04-07 16:00:00-06:00,540.0,665.0,491.6178248063213,543.6091,46.33682583395477,57.88763739794049,41.94922323720186,46.665980784961846
2026-04-07 17:00:00-06:00,426.0,514.0,432.62136724301615,423.207,36.030796545627396,43.92253083850978,36.6192469227763,35.782839575534844
2026-04-07 18:00:00-06:00,223.0,297.0,217.40530586774338,261.9441,18.522002386338773,24.886363817885503,18.045249326447006,21.85783995297257
2026-04-07 19:00:00-06:00,81.0,125.0,85.57144187626291,93.1925,6.533749959992414,10.137513719955479,6.906379824890145,7.528513318672415
2026-04-07 20:00:00-06:00,9.0,9.0,7.495152605113467,0.0,0.0,0.0,0.0,0.0
2026-04-07 21:00:00-06:00,0.0,0.0,0.0,0.0,0.0,0.0,0.0,0.0
2026-04-07 22:00:00-06:00,0.0,0.0,0.0,0.0,0.0,0.0,0.0,0.0
2026-04-07 23:00:00-06:00,0.0,0.0,0.0,0.0,0.0,0.0,0.0,0.0
2026-04-08 00:00:00-06:00,0.0,0.0,0.0,0.0,0.0,0.0,0.0,0.0
2026-04-08 01:00:00-06:00,0.0,0.0,0.0,0.0,0.0,0.0,0.0,0.0
2026-04-08 02:00:00-06:00,0.0,0.0,0.0,0.0,0.0,0.0,0.0,0.0
2026-04-08 03:00:00-06:00,0.0,0.0,0.0,0.0,0.0,0.0,0.0,0.0
2026-04-08 04:00:00-06:00,0.0,0.0,0.0,0.0,0.0,0.0,0.0,0.0
2026-04-08 05:00:00-06:00,0.0,0.0,0.0,0.0,0.0,0.0,0.0,0.0
2026-04-08 06:00:00-06:00,0.0,0.0,0.0,0.0,0.0,0.0,0.0,0.0
2026-04-08 07:00:00-06:00,8.0,5.0,5.9213994200244215,16.956875,0.600603500162993,0.3752283705541487,0.44442954061799816,1.2745516263718972
2026-04-08 08:00:00-06:00,128.0,103.0,121.58433670234002,124.804924,9.913482820438093,7.951708780545676,9.408856646687699,9.662070945628551
2026-04-08 09:00:00-06:00,326.0,303.0,319.11160820697364,311.52316,26.38162238487461,24.451201877594663,25.802369446713314,25.165338086496618
2026-04-08 10:00:00-06:00,522.0,514.0,519.1350705552873,561.49426,43.892756078065574,43.17927444781152,43.63710080577939,47.43366952537904
2026-04-08 11:00:00-06:00,678.0,675.0,635.2153949244362,709.02454,58.66108198125226,58.38142937015824,54.689693920462574,61.563585533663215
2026-04-08 12:00:00-06:00,797.0,770.0,662.5537539844963,703.24854,69.21699232214976,66.66586515285526,56.656996783176254,60.42086041035414
2026-04-08 13:00:00-06:00,673.0,809.0,726.3402290724309,745.88245,57.90756475957341,70.70110233712076,62.88154380759257,64.71798706940238
2026-04-08 14:00:00-06:00,718.0,812.0,704.8485659600026,762.10535,62.19447945877347,71.09419270918839,60.96331142610821,66.34844401311726
2026-04-08 15:00:00-06:00,722.0,751.0,669.3452954500884,698.6352,62.61707493381134,65.34823763339163,57.70081486803086,60.428762011603425
2026-04-08 16:00:00-06:00,595.0,612.0,548.1202868234705,604.90344,50.9507943748675,52.50975086130653,46.68147936465339,51.858275686911945
2026-04-08 17:00:00-06:00,343.0,459.0,379.57222638506994,442.7877,28.50281863334921,38.67049683139061,31.679642567127612,37.23339860341372
2026-04-08 18:00:00-06:00,115.0,275.0,256.32009727171663,285.313,9.21683940449915,22.47679814784468,20.90251575665163,23.348910232277102
2026-04-08 19:00:00-06:00,108.0,116.0,100.00112434386132,96.93746,8.602172703395189,9.248577496110194,7.957128396109744,7.710405163488888
2026-04-08 20:00:00-06:00,8.0,9.0,7.672431111955413,0.0,0.0,0.0,0.0,0.0
2026-04-08 21:00:00-06:00,0.0,0.0,0.0,0.0,0.0,0.0,0.0,0.0
2026-04-08 22:00:00-06:00,0.0,0.0,0.0,0.0,0.0,0.0,0.0,0.0
2026-04-08 23:00:00-06:00,0.0,0.0,0.0,0.0,0.0,0.0,0.0,0.0
2026-04-09 00:00:00-06:00,0.0,0.0,0.0,0.0,0.0,0.0,0.0,0.0
2026-04-09 01:00:00-06:00,0.0,0.0,0.0,0.0,0.0,0.0,0.0,0.0
2026-04-09 02:00:00-06:00,0.0,0.0,0.0,0.0,0.0,0.0,0.0,0.0
2026-04-09 03:00:00-06:00,0.0,0.0,0.0,0.0,0.0,0.0,0.0,0.0
2026-04-09 04:00:00-06:00,0.0,0.0,0.0,0.0,0.0,0.0,0.0,0.0
2026-04-09 05:00:00-06:00,0.0,0.0,0.0,0.0,0.0,0.0,0.0,0.0
2026-04-09 06:00:00-06:00,0.0,0.0,0.0,0.0,0.0,0.0,0.0,0.0
2026-04-09 07:00:00-06:00,8.0,7.0,6.228877429880058,22.465588,0.6029697214280387,0.5275290582939303,0.4693686100642775,1.6964827886827576
2026-04-09 08:00:00-06:00,101.0,130.0,92.33988652406049,77.27186,7.7787061856865245,10.0495987652474,7.103797479483218,5.933047851997837
2026-04-09 09:00:00-06:00,243.0,332.0,186.08891790613842,201.11188,19.3050096178392,26.66871843771705,14.678668054256136,15.8936517064247
2026-04-09 10:00:00-06:00,408.0,529.0,307.9004683515014,325.66577,33.48349800703797,44.04869508041849,24.96281369658911,26.460522383335455
2026-04-09 11:00:00-06:00,620.0,689.0,477.5592791616597,438.90543,52.919348962834604,59.28042113071616,40.08661950249714,36.673675396021366
2026-04-09 12:00:00-06:00,745.0,792.0,588.6121080169834,520.3782,65.36941198596486,69.86269269822299,50.73402654437411,44.50048993713124
2026-04-09 13:00:00-06:00,721.0,780.0,683.5128984079148,579.9492,63.54208284767517,69.19835242389031,59.98411777663378,50.29963677758043
2026-04-09 14:00:00-06:00,677.0,764.0,634.7912418356744,591.82306,59.724795343818315,68.05935485618929,55.735323265798925,51.71038252149347
2026-04-09 15:00:00-06:00,552.0,721.0,534.8733093355546,564.7664,48.12160981153334,64.06337453803845,46.53767556230016,49.306077530064535
2026-04-09 16:00:00-06:00,589.0,540.0,426.8651575022202,502.9277,51.52464981721204,46.975705575517125,36.65474935474555,43.56573417072617
2026-04-09 17:00:00-06:00,441.0,426.0,376.4971960924813,379.32343,37.58251146161109,36.240798682900206,31.844574590516252,32.094256375735554
2026-04-09 18:00:00-06:00,309.0,223.0,233.42727818339762,256.53442,25.49199462533621,18.20686772369261,19.08235253815496,21.030139577440917
2026-04-09 19:00:00-06:00,123.0,81.0,100.04597781535203,65.818756,9.908196186275635,6.491157977221592,8.03636430178243,5.264653901905425
2026-04-09 20:00:00-06:00,11.0,9.0,7.216235608947439,0.0,0.0,0.0,0.0,0.0
2026-04-09 21:00:00-06:00,0.0,0.0,0.0,0.0,0.0,0.0,0.0,0.0
2026-04-09 22:00:00-06:00,0.0,0.0,0.0,0.0,0.0,0.0,0.0,0.0
2026-04-09 23:00:00-06:00,0.0,0.0,0.0,0.0,0.0,0.0,0.0,0.0
2026-04-10 00:00:00-06:00,0.0,0.0,0.0,0.0,0.0,0.0,0.0,0.0
2026-04-10 01:00:00-06:00,0.0,0.0,0.0,0.0,0.0,0.0,0.0,0.0
2026-04-10 02:00:00-06:00,0.0,0.0,0.0,0.0,0.0,0.0,0.0,0.0
2026-04-10 03:00:00-06:00,0.0,0.0,0.0,0.0,0.0,0.0,0.0,0.0
2026-04-10 04:00:00-06:00,0.0,0.0,0.0,0.0,0.0,0.0,0.0,0.0
2026-04-10 05:00:00-06:00,0.0,0.0,0.0,0.0,0.0,0.0,0.0,0.0
2026-04-10 06:00:00-06:00,0.0,0.0,0.0,0.0,0.0,0.0,0.0,0.0
2026-04-10 07:00:00-06:00,8.0,8.0,7.01627949455312,22.170177,0.599551846267417,0.599551846267417,0.5257594393511853,1.66463813160965
2026-04-10 08:00:00-06:00,102.0,128.0,93.14233913476673,84.76907,7.762874924358474,9.774664506222075,7.080563153896089,6.436996096421404
2026-04-10 09:00:00-06:00,184.0,326.0,200.45928142252384,216.09822,14.225871737137435,25.66380287277559,15.531147138819433,16.776346940991026
2026-04-10 10:00:00-06:00,325.0,522.0,335.2795672248503,422.37836,25.806153239128445,42.46888243182429,26.656580836313704,33.946401728379165
2026-04-10 11:00:00-06:00,485.0,678.0,645.6226225793012,663.7307,39.66314028568641,56.74483712677604,53.82764318477589,55.45661426188342
2026-04-10 12:00:00-06:00,783.0,797.0,776.8946839799582,841.58575,66.83734108837686,68.14308937384558,66.26912990634604,72.32741658709809
2026-04-10 13:00:00-06:00,844.0,673.0,773.3177927367828,839.30096,73.05438948894601,57.111331303885514,66.39403867902976,72.60852547207604
2026-04-10 14:00:00-06:00,767.0,718.0,718.3157103878116,779.7404,66.18164484629887,61.604567351723865,61.63390528925899,67.37952794465912
2026-04-10 15:00:00-06:00,736.0,722.0,660.2676124247805,684.1916,63.52228715970148,62.2136999364895,56.48992453249331,58.69916174588313
2026-04-10 16:00:00-06:00,540.0,595.0,550.7205411802248,609.5349,45.78667938983164,50.77480666827974,46.75425026325222,52.10305182936529
2026-04-10 17:00:00-06:00,316.0,343.0,398.30926479524004,446.57294,26.164124306221645,28.49154621815601,33.30441535587901,37.553789133530366
2026-04-10 18:00:00-06:00,294.0,115.0,259.571162296955,303.68475,24.16245659522861,9.247074453996959,21.24425221772956,24.98757942181778
2026-04-10 19:00:00-06:00,120.0,108.0,103.80775115832998,89.23309,9.62352423442973,8.64831401806358,8.308293825693182,7.128902547276909
2026-04-10 20:00:00-06:00,13.0,8.0,7.372363860608021,0.0,0.0,0.0,0.0,0.0
2026-04-10 21:00:00-06:00,0.0,0.0,0.0,0.0,0.0,0.0,0.0,0.0
2026-04-10 22:00:00-06:00,0.0,0.0,0.0,0.0,0.0,0.0,0.0,0.0
2026-04-10 23:00:00-06:00,0.0,0.0,0.0,0.0,0.0,0.0,0.0,0.0
2026-04-11 00:00:00-06:00,0.0,0.0,0.0,0.0,0.0,0.0,0.0,0.0
2026-04-11 01:00:00-06:00,0.0,0.0,0.0,0.0,0.0,0.0,0.0,0.0
2026-04-11 02:00:00-06:00,0.0,0.0,0.0,0.0,0.0,0.0,0.0,0.0
2026-04-11 03:00:00-06:00,0.0,0.0,0.0,0.0,0.0,0.0,0.0,0.0
2026-04-11 04:00:00-06:00,0.0,0.0,0.0,0.0,0.0,0.0,0.0,0.0
2026-04-11 05:00:00-06:00,0.0,0.0,0.0,0.0,0.0,0.0,0.0,0.0
2026-04-11 06:00:00-06:00,0.0,0.0,0.0,0.0,0.0,0.0,0.0,0.0
2026-04-11 07:00:00-06:00,12.0,8.0,8.513585804824638,23.567593,0.9112407200682238,0.6071763370103423,0.6461993602155754,1.7923505424918948
2026-04-11 08:00:00-06:00,141.0,101.0,130.3155924394556,120.07168,10.961675612507364,7.8118990117656395,10.11723069355771,9.309727247269768
2026-04-11 09:00:00-06:00,341.0,243.0,335.04108617272135,354.30872,27.444526965895037,19.320981611378258,26.9451314203343,28.562427538624842
2026-04-11 10:00:00-06:00,537.0,408.0,435.960625901876,488.77274,44.93393978899229,33.61758387872391,36.04236469365999,40.66461896197626
2026-04-11 11:00:00-06:00,695.0,620.0,649.7836581364216,667.92676,60.59176241786816,53.59175017231844,56.35820225335738,58.052049060749106
2026-04-11 12:00:00-06:00,768.0,745.0,705.2409855996762,751.7641,68.49664367536812,66.2753132244508,62.46015970323763,66.92749755772152
2026-04-11 13:00:00-06:00,849.0,721.0,725.9319171474538,786.49927,76.57057585449263,64.11076469170784,64.58482697674354,70.44599771515128
2026-04-11 14:00:00-06:00,832.0,677.0,716.8511794693836,789.3417,75.06109400754168,60.0362820820142,63.853700818857185,70.87849523564427
2026-04-11 15:00:00-06:00,785.0,552.0,754.177072218823,812.01697,70.24843652868394,48.12160981153334,67.2595141703087,72.88379544799803
2026-04-11 16:00:00-06:00,658.0,589.0,611.3613040250248,705.1027,58.140831687162795,51.64079184430471,53.73695763727568,62.63232810129932
2026-04-11 17:00:00-06:00,501.0,441.0,447.8175054112977,543.7928,43.142192297494695,37.71294940884674,38.32625049596426,47.058040409131884
2026-04-11 18:00:00-06:00,303.0,309.0,278.0751153013652,334.23337,25.40715526867315,25.928661041289867,23.248390597259974,28.129704623266043
2026-04-11 19:00:00-06:00,145.0,123.0,102.76637313302332,104.88435,11.821644358041564,10.00116896348139,8.335336972629413,8.50932938495734
2026-04-11 20:00:00-06:00,9.0,11.0,8.999514407061328,0.0,0.0,0.0,0.0,0.0
2026-04-11 21:00:00-06:00,0.0,0.0,0.0,0.0,0.0,0.0,0.0,0.0
2026-04-11 22:00:00-06:00,0.0,0.0,0.0,0.0,0.0,0.0,0.0,0.0
2026-04-11 23:00:00-06:00,0.0,0.0,0.0,0.0,0.0,0.0,0.0,0.0
2026-04-12 00:00:00-06:00,0.0,0.0,0.0,0.0,0.0,0.0,0.0,0.0
2026-04-12 01:00:00-06:00,0.0,0.0,0.0,0.0,0.0,0.0,0.0,0.0
2026-04-12 02:00:00-06:00,0.0,0.0,0.0,0.0,0.0,0.0,0.0,0.0
2026-04-12 03:00:00-06:00,0.0,0.0,0.0,0.0,0.0,0.0,0.0,0.0
2026-04-12 04:00:00-06:00,0.0,0.0,0.0,0.0,0.0,0.0,0.0,0.0
2026-04-12 05:00:00-06:00,0.0,0.0,0.0,0.0,0.0,0.0,0.0,0.0
2026-04-12 06:00:00-06:00,0.0,0.0,0.0,0.0,0.0,0.0,0.0,0.0
2026-04-12 07:00:00-06:00,13.0,8.0,8.68650819267619,22.828533,0.9821796087743355,0.6040213753236147,0.6559137414616374,1.7269736906895772
2026-04-12 08:00:00-06:00,140.0,102.0,114.77545885154152,99.26047,10.887145258957888,7.893608649252253,8.896827401428178,7.6789030059045915
2026-04-12 09:00:00-06:00,344.0,184.0,306.82659973164795,310.0609,27.92231861763998,14.64311542020717,24.79181277733787,25.063096907039995
2026-04-12 10:00:00-06:00,533.0,325.0,490.14291827616836,495.5475,44.98096649838563,26.75674976817634,41.15576486807701,41.636140411402295
2026-04-12 11:00:00-06:00,606.0,485.0,670.0112212649051,692.3777,52.337274347208215,41.304870609233085,58.29111243080581,60.39063849394051
2026-04-12 12:00:00-06:00,790.0,783.0,769.0732750615326,829.0283,70.08599965012499,69.41060671411412,68.06978218818698,73.86945803704612
2026-04-12 13:00:00-06:00,813.0,844.0,793.3300244681355,872.4568,72.68605359762422,75.71717715254417,70.77264737574083,78.51641604004818
2026-04-12 14:00:00-06:00,848.0,767.0,810.1223624781285,871.56287,76.22115414135115,68.32422533761356,72.51214667006323,78.54281114051464
2026-04-12 15:00:00-06:00,768.0,736.0,685.2352619618857,812.5043,68.5976024493434,65.50570640675761,60.64241246680005,72.93146235429202
2026-04-12 16:00:00-06:00,634.0,540.0,617.8353530197176,704.25195,55.80672575770569,47.02894555398065,54.28477808429123,62.4813783321895
2026-04-12 17:00:00-06:00,473.0,316.0,463.19122467947534,541.92694,40.77064862839217,26.74568891047511,39.880097579062614,47.08245442169282
2026-04-12 18:00:00-06:00,341.0,294.0,301.44230891738965,359.62924,28.912602939934743,24.790491155992836,25.440294395282407,30.558601212455518
2026-04-12 19:00:00-06:00,156.0,120.0,113.66334861117548,115.99797,12.858526933658899,9.848315254609078,9.321125101018705,9.515265864149846
2026-04-12 20:00:00-06:00,16.0,13.0,9.4278317030429,0.0,0.0,0.0,0.0,0.0
2026-04-12 21:00:00-06:00,0.0,0.0,0.0,0.0,0.0,0.0,0.0,0.0
2026-04-12 22:00:00-06:00,0.0,0.0,0.0,0.0,0.0,0.0,0.0,0.0
2026-04-12 23:00:00-06:00,0.0,0.0,0.0,0.0,0.0,0.0,0.0,0.0
2026-04-13 00:00:00-06:00,0.0,0.0,0.0,0.0,0.0,0.0,0.0,0.0
2026-04-13 01:00:00-06:00,0.0,0.0,0.0,0.0,0.0,0.0,0.0,0.0
2026-04-13 02:00:00-06:00,0.0,0.0,0.0,0.0,0.0,0.0,0.0,0.0
2026-04-13 03:00:00-06:00,0.0,0.0,0.0,0.0,0.0,0.0,0.0,0.0
2026-04-13 04:00:00-06:00,0.0,0.0,0.0,0.0,0.0,0.0,0.0,0.0
2026-04-13 05:00:00-06:00,0.0,0.0,0.0,0.0,0.0,0.0,0.0,0.0
2026-04-13 06:00:00-06:00,0.0,0.0,0.0,0.0,0.0,0.0,0.0,0.0
2026-04-13 07:00:00-06:00,9.0,12.0,9.254727560837859,23.42001,0.681388003416484,0.9088744988031778,0.7006967589643929,1.7764742663634854
2026-04-13 08:00:00-06:00,86.0,141.0,100.7543178052509,101.44515,6.6671809225558,11.008014112281176,7.825763092390608,7.880116698922877
2026-04-13 09:00:00-06:00,272.0,341.0,326.0335923657887,316.3516,22.06259802008537,27.892794438884263,26.620175730231352,25.799266747250414
2026-04-13 10:00:00-06:00,477.0,537.0,426.3732247613498,487.382,40.17811248604031,45.55162213172195,35.69961981475142,41.102797033057946
2026-04-13 11:00:00-06:00,624.0,695.0,596.7648584632959,627.00977,53.83922305019518,60.45471876960093,51.32810509468922,54.11763075167621
2026-04-13 12:00:00-06:00,376.0,768.0,700.7868584942275,648.97455,31.652383248260826,67.63849409657819,61.25166224998408,56.389455680077916
2026-04-13 13:00:00-06:00,469.0,849.0,691.6299590052764,671.96936,39.991093913385974,75.59401661989772,60.502128330423474,58.651195053594755
2026-04-13 14:00:00-06:00,475.0,832.0,650.6663654165253,616.5885,40.65586619430185,74.15877496513758,56.82536613703644,53.640743156968725
2026-04-13 15:00:00-06:00,462.0,785.0,574.3071015812889,587.56146,39.52914274348101,69.68087206691531,49.77814218153481,51.004228964080866
2026-04-13 16:00:00-06:00,416.0,658.0,443.7697603507606,534.93024,35.40348978379159,57.57859122324053,37.88908447497672,46.15616975857665
2026-04-13 17:00:00-06:00,249.0,501.0,384.2855534793287,423.01028,20.778480524930472,43.05986751598164,32.58353341887776,36.02951719475939
2026-04-13 18:00:00-06:00,124.0,303.0,198.9917269095282,215.32835,10.157062360401913,25.35736602955448,16.44781966256875,17.833036544060285
2026-04-13 19:00:00-06:00,33.0,145.0,91.18064947816312,52.225124,2.6526901600882,11.816879051327234,7.382146632149857,4.208054299712144
2026-04-13 20:00:00-06:00,4.0,9.0,8.662487667226722,0.0,0.0,0.0,0.0,0.0
2026-04-13 21:00:00-06:00,0.0,0.0,0.0,0.0,0.0,0.0,0.0,0.0
2026-04-13 22:00:00-06:00,0.0,0.0,0.0,0.0,0.0,0.0,0.0,0.0
2026-04-13 23:00:00-06:00,0.0,0.0,0.0,0.0,0.0,0.0,0.0,0.0
2026-04-14 00:00:00-06:00,0.0,0.0,0.0,0.0,0.0,0.0,0.0,0.0
2026-04-14 01:00:00-06:00,0.0,0.0,0.0,0.0,0.0,0.0,0.0,0.0
2026-04-14 02:00:00-06:00,0.0,0.0,0.0,0.0,0.0,0.0,0.0,0.0
2026-04-14 03:00:00-06:00,0.0,0.0,0.0,0.0,0.0,0.0,0.0,0.0
2026-04-14 04:00:00-06:00,0.0,0.0,0.0,0.0,0.0,0.0,0.0,0.0
2026-04-14 05:00:00-06:00,0.0,0.0,0.0,0.0,0.0,0.0,0.0,0.0
2026-04-14 06:00:00-06:00,0.0,0.0,0.0,0.0,0.0,0.0,0.0,0.0
2026-04-14 07:00:00-06:00,16.0,13.0,11.601305478525012,20.14413,1.2303457340326411,0.9992689845774437,0.891594762506921,1.5498435456452546
2026-04-14 08:00:00-06:00,162.0,140.0,150.7420189241314,179.90088,12.718525267160226,10.9607610316482,11.81783108360682,14.155862669972237
2026-04-14 09:00:00-06:00,372.0,344.0,352.62354711006844,383.9351,30.21282570405213,27.843181661997896,28.571335938862916,31.227622718342392
2026-04-14 10:00:00-06:00,573.0,533.0,549.025624864799,586.66156,48.05676826421984,44.49050141283642,45.915481037308005,49.28206067498394
2026-04-14 11:00:00-06:00,741.0,606.0,697.2667966092231,750.53644,63.77141100271407,51.34148956483478,59.70514312547488,64.66313907608625
2026-04-14 12:00:00-06:00,840.0,790.0,818.637119873296,857.81506,72.67482513618545,67.95705779526854,70.65305370562297,74.36775764839663
2026-04-14 13:00:00-06:00,912.0,813.0,757.9261601336584,844.2213,79.88525086651488,70.41497414594386,65.23083101539636,73.38059052683637
2026-04-14 14:00:00-06:00,850.0,848.0,731.8649302740008,802.10754,73.6802003994802,73.49000897454056,62.58217604440332,69.1476388591325
2026-04-14 15:00:00-06:00,620.0,768.0,671.3279789011289,753.6722,52.38957831293824,66.02315371297362,57.06861923247389,64.6842915544682
2026-04-14 16:00:00-06:00,646.0,634.0,589.4476373038725,667.78296,54.90180787930838,53.80648004832036,49.764856529136395,56.89739887374062
2026-04-14 17:00:00-06:00,453.0,473.0,478.83361088234085,563.29895,37.48298557153013,39.23171747313803,39.743283693067376,47.22596354085068
2026-04-14 18:00:00-06:00,332.0,341.0,304.3303352244159,358.60956,26.854203893549244,27.612627268266,24.532567967210813,29.101220638210687
2026-04-14 19:00:00-06:00,161.0,156.0,160.46814301285502,136.9309,12.659583083600424,12.2586898429698,12.616915932656115,10.73430818558921
2026-04-14 20:00:00-06:00,17.0,16.0,12.636261440320386,0.0,0.0,0.0,0.0,0.0
2026-04-14 21:00:00-06:00,0.0,0.0,0.0,0.0,0.0,0.0,0.0,0.0
2026-04-14 22:00:00-06:00,0.0,0.0,0.0,0.0,0.0,0.0,0.0,0.0
2026-04-14 23:00:00-06:00,0.0,0.0,0.0,0.0,0.0,0.0,0.0,0.0
2026-04-15 00:00:00-06:00,0.0,0.0,0.0,0.0,0.0,0.0,0.0,0.0
2026-04-15 01:00:00-06:00,0.0,0.0,0.0,0.0,0.0,0.0,0.0,0.0
2026-04-15 02:00:00-06:00,0.0,0.0,0.0,0.0,0.0,0.0,0.0,0.0
2026-04-15 03:00:00-06:00,0.0,0.0,0.0,0.0,0.0,0.0,0.0,0.0
2026-04-15 04:00:00-06:00,0.0,0.0,0.0,0.0,0.0,0.0,0.0,0.0
2026-04-15 05:00:00-06:00,0.0,0.0,0.0,0.0,0.0,0.0,0.0,0.0
2026-04-15 06:00:00-06:00,0.0,0.0,0.0,0.0,0.0,0.0,0.0,0.0
2026-04-15 07:00:00-06:00,17.0,9.0,10.688008303326393,24.334393,1.2856220475814697,0.6799091151258304,0.8076094658753812,1.8420549146954206
2026-04-15 08:00:00-06:00,133.0,86.0,107.63427398214533,101.50924,10.324809544907742,6.636091404267837,8.328577606285437,7.848463219612449
2026-04-15 09:00:00-06:00,271.0,272.0,273.20945239482734,298.337,21.667080111883415,21.749730986151544,21.849719795503432,23.933650494831582
2026-04-15 10:00:00-06:00,402.0,477.0,472.6214844044844,507.3455,33.07285505981322,39.59809249844598,39.21407999316259,42.26996165112388
2026-04-15 11:00:00-06:00,602.0,624.0,658.1381481772136,667.0793,51.09741718167037,53.100962015500905,56.22894405691051,57.05201652665196
2026-04-15 12:00:00-06:00,785.0,376.0,749.8361104799827,767.146,68.64893668188148,31.355816849708425,65.3122316478039,66.95170231009848
2026-04-15 13:00:00-06:00,859.0,469.0,759.6091905700742,816.71594,76.14617305700736,39.75989437728046,66.58663342125853,72.05527979520204
2026-04-15 14:00:00-06:00,751.0,475.0,728.7130967963919,846.9512,65.94058169007477,40.40609839410258,63.822582258804786,75.17170064005046
2026-04-15 15:00:00-06:00,779.0,462.0,656.5843293240306,747.86835,68.66668763025717,39.271027440485604,57.078662702808366,65.69153120118854
2026-04-15 16:00:00-06:00,621.0,416.0,607.9587792650674,680.0097,53.86802743052285,35.23943177608176,52.658119731753786,59.3848727206875
2026-04-15 17:00:00-06:00,515.0,249.0,446.0044665923005,497.19968,44.0469427282062,20.639366433056328,37.8405933533172,42.43671069139571
2026-04-15 18:00:00-06:00,339.0,124.0,286.38316602147836,312.7265,28.346367479596783,10.104085295412277,23.79717654052117,26.067924287490328
2026-04-15 19:00:00-06:00,152.0,33.0,133.17113131313124,95.50189,12.337960891698675,2.639675943130448,10.78472977475921,7.6984332972005936
2026-04-15 20:00:00-06:00,16.0,4.0,10.839463315687576,0.0,0.0,0.0,0.0,0.0
2026-04-15 21:00:00-06:00,0.0,0.0,0.0,0.0,0.0,0.0,0.0,0.0
2026-04-15 22:00:00-06:00,0.0,0.0,0.0,0.0,0.0,0.0,0.0,0.0
2026-04-15 23:00:00-06:00,0.0,0.0,0.0,0.0,0.0,0.0,0.0,0.0
2026-04-16 00:00:00-06:00,0.0,0.0,0.0,0.0,0.0,0.0,0.0,0.0
2026-04-16 01:00:00-06:00,0.0,0.0,0.0,0.0,0.0,0.0,0.0,0.0
2026-04-16 02:00:00-06:00,0.0,0.0,0.0,0.0,0.0,0.0,0.0,0.0
2026-04-16 03:00:00-06:00,0.0,0.0,0.0,0.0,0.0,0.0,0.0,0.0
2026-04-16 04:00:00-06:00,0.0,0.0,0.0,0.0,0.0,0.0,0.0,0.0
2026-04-16 05:00:00-06:00,0.0,0.0,0.0,0.0,0.0,0.0,0.0,0.0
2026-04-16 06:00:00-06:00,0.0,0.0,0.0,0.0,0.0,0.0,0.0,0.0
2026-04-16 07:00:00-06:00,11.0,16.0,12.418864232989224,25.133266,0.8359178729474175,1.2166742333901546,0.9439157784727942,1.9134647407595002
2026-04-16 08:00:00-06:00,55.0,162.0,143.06256358070738,98.28499,4.252401828694464,12.697229275774813,11.18607294809926,7.641248310964086
2026-04-16 09:00:00-06:00,65.0,372.0,216.61171826294623,231.41106,5.106780555421218,30.359531422484963,17.344103585274784,18.563064043966268
2026-04-16 10:00:00-06:00,38.0,573.0,308.3387634726385,292.8674,3.0140374015206493,48.48988534827591,25.283421394878854,23.969834363925493
2026-04-16 11:00:00-06:00,105.0,741.0,480.3059254079254,461.34238,8.494677138081528,64.62374362089409,40.64596019109312,38.95437013500036
2026-04-16 12:00:00-06:00,202.0,840.0,674.5103974028056,572.4013,16.656029702684013,74.5796332545473,58.779151451765784,49.301150317593766
2026-04-16 13:00:00-06:00,248.0,912.0,697.5968522159777,637.83496,20.782225864721116,82.43288242854749,61.569765346520285,55.91701610166924
2026-04-16 14:00:00-06:00,472.0,850.0,658.3233875921818,662.4177,40.71079376739806,76.5015906162049,57.99843624890558,58.38605597051855
2026-04-16 15:00:00-06:00,688.0,620.0,631.3232723751515,666.1944,60.83812783083107,54.40678194138975,55.47135432312571,58.76579054709958
2026-04-16 16:00:00-06:00,558.0,646.0,569.2164692057188,641.3577,48.64121032318897,56.876222339883654,49.68229946402145,56.43796073803727
2026-04-16 17:00:00-06:00,399.0,453.0,443.22245570996927,505.0415,34.151673678279494,39.0163955438325,38.131271819499105,43.75943188679611
2026-04-16 18:00:00-06:00,337.0,332.0,284.60530410275993,302.03354,28.493627099762236,28.054403901875233,23.915670393462605,25.432406496156513
2026-04-16 19:00:00-06:00,166.0,161.0,157.30922171176775,79.62639,13.67198329438638,13.25219005375744,12.942635525899272,6.4899026756784615
2026-04-16 20:00:00-06:00,20.0,17.0,12.901930954369604,0.0,0.0,0.0,0.0,0.0
2026-04-16 21:00:00-06:00,0.0,0.0,0.0,0.0,0.0,0.0,0.0,0.0
2026-04-16 22:00:00-06:00,0.0,0.0,0.0,0.0,0.0,0.0,0.0,0.0
2026-04-16 23:00:00-06:00,0.0,0.0,0.0,0.0,0.0,0.0,0.0,0.0
2026-04-17 00:00:00-06:00,0.0,0.0,0.0,0.0,0.0,0.0,0.0,0.0
2026-04-17 01:00:00-06:00,0.0,0.0,0.0,0.0,0.0,0.0,0.0,0.0
2026-04-17 02:00:00-06:00,0.0,0.0,0.0,0.0,0.0,0.0,0.0,0.0
2026-04-17 03:00:00-06:00,0.0,0.0,0.0,0.0,0.0,0.0,0.0,0.0
2026-04-17 04:00:00-06:00,0.0,0.0,0.0,0.0,0.0,0.0,0.0,0.0
2026-04-17 05:00:00-06:00,0.0,0.0,0.0,0.0,0.0,0.0,0.0,0.0
2026-04-17 06:00:00-06:00,0.0,0.0,0.0,0.0,0.0,0.0,0.0,0.0
2026-04-17 07:00:00-06:00,23.0,17.0,17.448181544301104,24.644878,1.7286461025913193,1.2766829894690748,1.3104185578076637,1.8526749192935854
2026-04-17 08:00:00-06:00,182.0,133.0,170.32955217266885,190.71036,13.995856024451934,10.163084894278715,13.078673539117244,14.682165760001334
2026-04-17 09:00:00-06:00,393.0,271.0,358.63445954141645,391.6791,30.889523886232972,20.972396985487066,28.066141846618354,30.78056981878719
2026-04-17 10:00:00-06:00,591.0,402.0,583.9135020812517,599.22705,47.45775446509724,31.527121018422083,46.84765054405802,48.16730289616457
2026-04-17 11:00:00-06:00,760.0,602.0,706.6016814876298,747.5751,62.552622996281414,48.60460307894468,57.78327877523334,61.43782281799299
2026-04-17 12:00:00-06:00,885.0,785.0,827.58780895464,854.37177,74.02566349360987,64.88237252650794,68.75204204741279,71.20415507880264
2026-04-17 13:00:00-06:00,940.0,859.0,843.0739216557455,884.50256,79.47886687931252,71.93985325236193,70.47286036290349,74.29944337349006
2026-04-17 14:00:00-06:00,937.0,751.0,840.1552630905081,872.6648,79.8131974190406,62.58396536887041,70.75678108266192,73.7761533642801
2026-04-17 15:00:00-06:00,876.0,779.0,755.8436234743515,836.2092,74.43256998759485,65.44093649068353,63.32200844213465,70.72149032572729
2026-04-17 16:00:00-06:00,754.0,621.0,643.8434206333352,724.97205,63.05464626375872,51.112858545035195,53.138955718063485,60.418344934152145
2026-04-17 17:00:00-06:00,584.0,515.0,467.18753983099054,567.4986,47.8339183394967,41.82976053867408,37.7246846754188,46.389424633307456
2026-04-17 18:00:00-06:00,381.0,339.0,314.4195634023053,335.11426,30.264089252673852,26.78663329572079,24.76769414230884,26.466676109392903
2026-04-17 19:00:00-06:00,170.0,152.0,148.23264017811778,120.460396,13.170138349767027,11.748508883228387,11.451778596656586,9.273030775345783
2026-04-17 20:00:00-06:00,22.0,16.0,16.188382288001854,0.0,0.0,0.0,0.0,0.0
2026-04-17 21:00:00-06:00,0.0,0.0,0.0,0.0,0.0,0.0,0.0,0.0
2026-04-17 22:00:00-06:00,0.0,0.0,0.0,0.0,0.0,0.0,0.0,0.0
2026-04-17 23:00:00-06:00,0.0,0.0,0.0,0.0,0.0,0.0,0.0,0.0
2026-04-18 00:00:00-06:00,0.0,0.0,0.0,0.0,0.0,0.0,0.0,0.0
2026-04-18 01:00:00-06:00,0.0,0.0,0.0,0.0,0.0,0.0,0.0,0.0
2026-04-18 02:00:00-06:00,0.0,0.0,0.0,0.0,0.0,0.0,0.0,0.0
2026-04-18 03:00:00-06:00,0.0,0.0,0.0,0.0,0.0,0.0,0.0,0.0
2026-04-18 04:00:00-06:00,0.0,0.0,0.0,0.0,0.0,0.0,0.0,0.0
2026-04-18 05:00:00-06:00,0.0,0.0,0.0,0.0,0.0,0.0,0.0,0.0
2026-04-18 06:00:00-06:00,0.0,0.0,0.0,0.0,0.0,0.0,0.0,0.0
2026-04-18 07:00:00-06:00,25.0,11.0,18.55004698441654,23.689678,1.8441302137618016,0.8098894390319141,1.3671610508856888,1.7471660893266003
2026-04-18 08:00:00-06:00,184.0,55.0,144.406587967588,168.16536,14.068649479748839,4.134912370048095,10.984610566390618,12.831513671647624
2026-04-18 09:00:00-06:00,397.0,65.0,356.0911245430816,377.61423,31.493664544681987,4.942295313316301,28.103875004543983,29.883181936802128
2026-04-18 10:00:00-06:00,598.0,38.0,585.6549045954044,556.6806,49.22090387362441,2.9166279594429323,48.133059423588584,45.59173413375542
2026-04-18 11:00:00-06:00,762.0,105.0,705.0469017257251,720.7155,64.51037306968614,8.204815033113421,59.290385325547774,60.72006105882827
2026-04-18 12:00:00-06:00,880.0,202.0,835.7255916515179,840.62085,75.55929967226551,15.985534615885905,71.39067869527791,71.84967522603667
2026-04-18 13:00:00-06:00,944.0,248.0,847.7763956955946,890.66486,81.80903579988747,19.779736788763394,72.66076718663379,76.71560838274439
2026-04-18 14:00:00-06:00,941.0,472.0,845.0479220149172,889.9153,81.95399485205671,38.9114139520677,72.79284689261796,77.05387625740354
2026-04-18 15:00:00-06:00,875.0,688.0,757.137172121047,839.27783,76.03553381716598,58.50924027907826,64.90817328364034,72.63391384611677
2026-04-18 16:00:00-06:00,752.0,558.0,630.1909165054102,711.9426,64.70129729522954,46.93575634640725,53.459394550317874,60.97186616962221
2026-04-18 17:00:00-06:00,582.0,399.0,493.96355612361526,574.4312,49.22696567627407,33.02397206037977,41.34919219441972,48.54364482901788
2026-04-18 18:00:00-06:00,383.0,337.0,350.2977099705847,388.06842,31.500448971321724,27.56330777238841,28.697144754691628,31.936823155845598
2026-04-18 19:00:00-06:00,176.0,166.0,160.77461340296034,156.00017,14.009841557088418,13.197358745639283,12.773594377359698,12.386873748790716
2026-04-18 20:00:00-06:00,23.0,20.0,19.506365703740705,0.0,0.0,0.0,0.0,0.0
2026-04-18 21:00:00-06:00,0.0,0.0,0.0,0.0,0.0,0.0,0.0,0.0
2026-04-18 22:00:00-06:00,0.0,0.0,0.0,0.0,0.0,0.0,0.0,0.0
2026-04-18 23:00:00-06:00,0.0,0.0,0.0,0.0,0.0,0.0,0.0,0.0
2026-04-19 00:00:00-06:00,0.0,0.0,0.0,0.0,0.0,0.0,0.0,0.0
2026-04-19 01:00:00-06:00,0.0,0.0,0.0,0.0,0.0,0.0,0.0,0.0
2026-04-19 02:00:00-06:00,0.0,0.0,0.0,0.0,0.0,0.0,0.0,0.0
2026-04-19 03:00:00-06:00,0.0,0.0,0.0,0.0,0.0,0.0,0.0,0.0
2026-04-19 04:00:00-06:00,0.0,0.0,0.0,0.0,0.0,0.0,0.0,0.0
2026-04-19 05:00:00-06:00,0.0,0.0,0.0,0.0,0.0,0.0,0.0,0.0
2026-04-19 06:00:00-06:00,0.0,0.0,0.0,0.0,0.0,0.0,0.0,0.0
2026-04-19 07:00:00-06:00,24.0,23.0,19.25122817868406,27.004269,1.7740706000433843,1.6999228055684028,1.4221362597151106,1.9969498444401437
2026-04-19 08:00:00-06:00,165.0,182.0,173.9064385486725,110.74439,12.595650918685969,13.92408064607888,13.290910916247764,8.394314310484106
2026-04-19 09:00:00-06:00,347.0,393.0,386.21605667249423,367.01227,27.68578862035109,31.535305106485033,30.964950438309657,29.35535837550289
2026-04-19 10:00:00-06:00,594.0,591.0,580.9950212842709,565.2585,49.60990480464891,49.34175955483722,48.44878793320739,47.04827795343093
2026-04-19 11:00:00-06:00,765.0,760.0,728.6733835327407,727.68085,65.94361056800977,65.47490625861293,62.54961238516796,62.45724713187166
2026-04-19 12:00:00-06:00,888.0,885.0,843.1889347850738,836.252,78.47625342492505,78.18479032969132,74.14125106070777,73.47373787558176
2026-04-19 13:00:00-06:00,950.0,940.0,842.3133170301601,873.46875,85.13300476538261,84.14360918987634,74.58289793808646,77.61155239808848
2026-04-19 14:00:00-06:00,938.0,937.0,783.7915167658641,880.8291,84.31588743982026,84.21670232910651,69.25509920295245,78.67724569846749
2026-04-19 15:00:00-06:00,868.0,876.0,686.327593597949,810.0102,77.64905767456445,78.43424451699806,60.16007470994037,71.99541905258047
2026-04-19 16:00:00-06:00,736.0,754.0,564.1655556714525,690.63806,64.87681737720322,66.59812833653324,48.76819512677501,60.56744391882033
2026-04-19 17:00:00-06:00,546.0,584.0,491.8284650355599,588.26227,46.9918441651141,50.482508675504576,42.065206008862496,50.875826007924026
2026-04-19 18:00:00-06:00,359.0,381.0,354.28685384060367,393.1111,30.125348029889018,32.05462860244452,29.713279797594982,33.12080625460326
2026-04-19 19:00:00-06:00,178.0,170.0,170.55404376730846,169.79863,14.552814838273758,13.885262998758632,13.931453687249329,13.868476249428504
2026-04-19 20:00:00-06:00,24.0,22.0,21.083990634365634,0.0,0.0,0.0,0.0,0.0
2026-04-19 21:00:00-06:00,0.0,0.0,0.0,0.0,0.0,0.0,0.0,0.0
2026-04-19 22:00:00-06:00,0.0,0.0,0.0,0.0,0.0,0.0,0.0,0.0
2026-04-19 23:00:00-06:00,0.0,0.0,0.0,0.0,0.0,0.0,0.0,0.0
2026-04-20 00:00:00-06:00,0.0,0.0,0.0,0.0,0.0,0.0,0.0,0.0
2026-04-20 01:00:00-06:00,0.0,0.0,0.0,0.0,0.0,0.0,0.0,0.0
2026-04-20 02:00:00-06:00,0.0,0.0,0.0,0.0,0.0,0.0,0.0,0.0
2026-04-20 03:00:00-06:00,0.0,0.0,0.0,0.0,0.0,0.0,0.0,0.0
2026-04-20 04:00:00-06:00,0.0,0.0,0.0,0.0,0.0,0.0,0.0,0.0
2026-04-20 05:00:00-06:00,0.0,0.0,0.0,0.0,0.0,0.0,0.0,0.0
2026-04-20 06:00:00-06:00,0.0,0.0,0.0,0.0,0.0,0.0,0.0,0.0
2026-04-20 07:00:00-06:00,28.0,25.0,26.60851611125373,30.174786,2.1067478898601326,1.880280816422223,2.0016839227916385,2.2710319872731852
2026-04-20 08:00:00-06:00,185.0,184.0,185.00314811658754,186.46857,14.39013990487637,14.310529875731293,14.390390557860881,14.5070885248074
2026-04-20 09:00:00-06:00,390.0,397.0,401.2580471126095,376.31577,31.73156597169749,32.32867773776924,32.692371906135236,30.56708591435006
2026-04-20 10:00:00-06:00,587.0,598.0,571.18171932764,593.6637,49.794743945083475,50.793126447510375,48.363253167708294,50.39926797275172
2026-04-20 11:00:00-06:00,752.0,762.0,738.8183138362135,784.01495,66.1594154214455,67.11479394207986,64.90309707729278,69.22504781716295
2026-04-20 12:00:00-06:00,869.0,880.0,830.2013544285943,882.58923,78.43255200835463,79.52140572384768,74.61117089040293,79.77805447923865
2026-04-20 13:00:00-06:00,827.0,944.0,759.5835048508477,858.73785,74.75923256526578,86.4315804978913,68.15686308077149,77.89866999542163
2026-04-20 14:00:00-06:00,767.0,941.0,742.050793392734,818.4282,69.206464363449,86.53092406233995,66.77161994267901,74.26442023903257
2026-04-20 15:00:00-06:00,800.0,875.0,671.5795020078241,764.1417,72.70888818030859,80.17642103099608,60.181604451393504,69.17802179379916
2026-04-20 16:00:00-06:00,728.0,752.0,598.9316842299856,717.4643,65.64506195252126,67.98824154585199,53.23980644896777,64.62004474247365
2026-04-20 17:00:00-06:00,499.0,582.0,488.58779554133235,554.11084,43.71443116767433,51.46481943769109,42.75180811454906,48.84533190809369
2026-04-20 18:00:00-06:00,256.0,383.0,330.1544527768199,389.6721,21.68326951415154,32.922778000903875,28.207065258811163,33.52210667398588
2026-04-20 19:00:00-06:00,170.0,176.0,161.86052612265394,172.57928,14.186956210051967,14.698149031742838,13.494624576196811,14.406620643772115
2026-04-20 20:00:00-06:00,24.0,23.0,17.131857785188675,0.0,0.0,0.0,0.0,0.0
2026-04-20 21:00:00-06:00,0.0,0.0,0.0,0.0,0.0,0.0,0.0,0.0
2026-04-20 22:00:00-06:00,0.0,0.0,0.0,0.0,0.0,0.0,0.0,0.0
2026-04-20 23:00:00-06:00,0.0,0.0,0.0,0.0,0.0,0.0,0.0,0.0
2026-04-21 00:00:00-06:00,0.0,0.0,0.0,0.0,0.0,0.0,0.0,0.0
2026-04-21 01:00:00-06:00,0.0,0.0,0.0,0.0,0.0,0.0,0.0,0.0
2026-04-21 02:00:00-06:00,0.0,0.0,0.0,0.0,0.0,0.0,0.0,0.0
2026-04-21 03:00:00-06:00,0.0,0.0,0.0,0.0,0.0,0.0,0.0,0.0
2026-04-21 04:00:00-06:00,0.0,0.0,0.0,0.0,0.0,0.0,0.0,0.0
2026-04-21 05:00:00-06:00,0.0,0.0,0.0,0.0,0.0,0.0,0.0,0.0
2026-04-21 06:00:00-06:00,0.0,0.0,0.0,0.0,0.0,0.0,0.0,0.0
2026-04-21 07:00:00-06:00,27.0,24.0,27.14268099016995,30.694332,2.066732342083486,1.8363810933562557,2.077692372147817,2.350642375132765
2026-04-21 08:00:00-06:00,173.0,165.0,151.7511722383896,140.01927,13.703347827184338,13.056571102606338,11.98823494336804,11.04512576313706
2026-04-21 09:00:00-06:00,346.0,347.0,380.9789594714496,348.66177,28.591847446658917,28.677925478274233,31.614559179286893,28.82101156960036
2026-04-21 10:00:00-06:00,531.0,594.0,528.602546519089,563.1338,45.72654287394119,51.522994697438406,45.50751546836466,48.67324166234957
2026-04-21 11:00:00-06:00,699.0,765.0,706.9030562095958,733.02527,62.16277885207342,68.5331439649442,62.921032014912434,65.43612734139947
2026-04-21 12:00:00-06:00,839.0,888.0,869.85618749519,897.60046,76.24719938010375,81.13194242472807,79.3176562113151,82.09458109764864
2026-04-21 13:00:00-06:00,944.0,950.0,894.0970489757825,942.4888,87.08308008620057,87.69312471742518,82.03691940882237,86.92953969734144
2026-04-21 14:00:00-06:00,944.0,938.0,891.6535226410057,934.91425,87.2692228257175,86.65870940568944,81.96692109213517,86.34500514724424
2026-04-21 15:00:00-06:00,882.0,868.0,751.2977250773048,863.3352,81.13996139055769,79.73146384454166,68.14173145928086,79.26301678106776
2026-04-21 16:00:00-06:00,764.0,736.0,562.1003173542143,681.8971,69.54074082484487,66.78767250546463,50.03751695572607,61.512135304239706
2026-04-21 17:00:00-06:00,581.0,546.0,509.38594882405164,576.6496,51.75250955339995,48.44529557716847,45.01158097394712,51.340109172296984
2026-04-21 18:00:00-06:00,392.0,359.0,346.99672216672184,393.20813,34.0406083187207,31.05740915902739,29.977672416003564,34.150233248743405
2026-04-21 19:00:00-06:00,189.0,178.0,165.92207873662062,168.88815,15.926199285053034,14.979852048246043,13.943534907345489,14.197763687777702
2026-04-21 20:00:00-06:00,28.0,24.0,25.352158939916286,0.0,0.0,0.0,0.0,0.0
2026-04-21 21:00:00-06:00,0.0,0.0,0.0,0.0,0.0,0.0,0.0,0.0
2026-04-21 22:00:00-06:00,0.0,0.0,0.0,0.0,0.0,0.0,0.0,0.0
2026-04-21 23:00:00-06:00,0.0,0.0,0.0,0.0,0.0,0.0,0.0,0.0
2026-04-22 00:00:00-06:00,0.0,0.0,0.0,0.0,0.0,0.0,0.0,0.0
2026-04-22 01:00:00-06:00,0.0,0.0,0.0,0.0,0.0,0.0,0.0,0.0
2026-04-22 02:00:00-06:00,0.0,0.0,0.0,0.0,0.0,0.0,0.0,0.0
2026-04-22 03:00:00-06:00,0.0,0.0,0.0,0.0,0.0,0.0,0.0,0.0
2026-04-22 04:00:00-06:00,0.0,0.0,0.0,0.0,0.0,0.0,0.0,0.0
2026-04-22 05:00:00-06:00,0.0,0.0,0.0,0.0,0.0,0.0,0.0,0.0
2026-04-22 06:00:00-06:00,0.0,0.0,0.0,0.0,0.0,0.0,0.0,0.0
2026-04-22 07:00:00-06:00,33.0,28.0,31.573773730840013,42.471462,2.5496609425059993,2.161959719377867,2.43902044057206,3.2854402919031886
2026-04-22 08:00:00-06:00,202.0,185.0,191.6586602600286,226.33289,16.124944485418187,14.736692727652866,15.279768199373631,18.12199155852119
2026-04-22 09:00:00-06:00,413.0,390.0,450.98626039238553,428.63135,34.430092646732895,32.42368569172337,37.76681100228495,35.79968556594715
2026-04-22 10:00:00-06:00,596.0,587.0,590.4148474580976,627.8227,51.76705995020371,50.93292923775472,51.24923214444868,54.72931343272596
2026-04-22 11:00:00-06:00,769.0,752.0,729.8956002757507,748.85345,68.79564182889142,67.14797008328685,65.01414600937271,66.84362994719605
2026-04-22 12:00:00-06:00,830.0,869.0,744.4252742353586,789.21545,75.1096850550421,78.97517255428755,66.7337043868385,71.09960531952989
2026-04-22 13:00:00-06:00,792.0,827.0,724.9700586378572,729.0105,71.6065977705617,75.05819804926745,65.06414719146653,65.45598888573764
2026-04-22 14:00:00-06:00,572.0,767.0,664.49091538542,743.4906,50.73057673597376,69.50894631516402,59.54332615391907,67.20500841426899
2026-04-22 15:00:00-06:00,380.0,800.0,637.1238155699696,668.66974,32.965796887894996,72.735179527698,56.8971047676089,59.92352667386556
2026-04-22 16:00:00-06:00,425.0,728.0,547.9637923236895,603.66364,36.93367748733829,65.45366094352643,48.28805497979783,53.53006414146712
2026-04-22 17:00:00-06:00,409.0,499.0,510.91292792746464,578.9178,35.411101984286226,43.64883425593778,44.75127388776869,51.09846144111345
2026-04-22 18:00:00-06:00,340.0,256.0,342.18859211621714,388.1769,29.103787627626094,21.700095976480753,29.29855979652372,33.41323786874465
2026-04-22 19:00:00-06:00,184.0,170.0,161.39080850766658,144.91849,15.338521558656728,14.147847830810237,13.417583368305214,12.024437194937441
2026-04-22 20:00:00-06:00,27.0,24.0,27.229511583188042,0.0,0.0,0.0,0.0,0.0
2026-04-22 21:00:00-06:00,0.0,0.0,0.0,0.0,0.0,0.0,0.0,0.0
2026-04-22 22:00:00-06:00,0.0,0.0,0.0,0.0,0.0,0.0,0.0,0.0
2026-04-22 23:00:00-06:00,0.0,0.0,0.0,0.0,0.0,0.0,0.0,0.0
2026-04-23 00:00:00-06:00,0.0,0.0,0.0,0.0,0.0,0.0,0.0,0.0
2026-04-23 01:00:00-06:00,0.0,0.0,0.0,0.0,0.0,0.0,0.0,0.0
2026-04-23 02:00:00-06:00,0.0,0.0,0.0,0.0,0.0,0.0,0.0,0.0
2026-04-23 03:00:00-06:00,0.0,0.0,0.0,0.0,0.0,0.0,0.0,0.0
2026-04-23 04:00:00-06:00,0.0,0.0,0.0,0.0,0.0,0.0,0.0,0.0
2026-04-23 05:00:00-06:00,0.0,0.0,0.0,0.0,0.0,0.0,0.0,0.0
2026-04-23 06:00:00-06:00,0.0,0.0,0.0,0.0,0.0,0.0,0.0,0.0
2026-04-23 07:00:00-06:00,35.0,27.0,32.70580921317169,28.41032,2.685326138047594,2.0693943410066624,2.5085631364775445,2.1778847765501195
2026-04-23 08:00:00-06:00,200.0,173.0,191.51656348043542,229.41844,15.875876236099515,13.686291315565466,15.186347239777088,18.278053009844022
2026-04-23 09:00:00-06:00,409.0,346.0,415.43328057214103,422.22815,33.51585734353729,28.137007136822348,34.06955328020505,34.65526193748282
2026-04-23 10:00:00-06:00,606.0,531.0,578.9987619634569,627.72906,51.16224830400757,44.435177618542475,48.727533761603695,53.13207361140386
2026-04-23 11:00:00-06:00,771.0,699.0,718.7239273969493,780.2277,66.81076996685428,60.0723209569582,61.90804525320534,67.68182486942365
2026-04-23 12:00:00-06:00,883.0,839.0,754.7311915549669,810.4884,77.8745045121765,73.62775957551386,65.60163101409654,70.89641895372937
2026-04-23 13:00:00-06:00,866.0,944.0,738.8255104541585,813.0938,75.80225714084303,83.36022529586192,63.73829894160233,70.7445159741101
2026-04-23 14:00:00-06:00,840.0,944.0,705.0961836692509,808.32245,73.69624398226354,83.79455835473476,60.916943159917075,70.66302021136026
2026-04-23 15:00:00-06:00,687.0,882.0,698.7567355493137,781.4714,59.00440201672373,77.45871265746274,60.09565643812776,67.85071401967164
2026-04-23 16:00:00-06:00,702.0,764.0,637.2298887492008,746.25757,60.604813221121475,66.42731946699244,54.60362357506892,64.75331258849639
2026-04-23 17:00:00-06:00,573.0,581.0,523.5515663315442,586.88275,48.810015366926066,49.53759499258019,44.34098958006496,50.0734265032369
2026-04-23 18:00:00-06:00,390.0,392.0,337.4501915626595,384.70273,32.38523459616638,32.55909089332816,27.84561679161865,31.925136080071024
2026-04-23 19:00:00-06:00,184.0,189.0,169.2749724825804,163.05515,14.812431697394887,15.224318902308838,13.602303221815118,13.092439419293767
2026-04-23 20:00:00-06:00,31.0,28.0,30.423296587068762,0.0,0.0,0.0,0.0,0.0
2026-04-23 21:00:00-06:00,0.0,0.0,0.0,0.0,0.0,0.0,0.0,0.0
2026-04-23 22:00:00-06:00,0.0,0.0,0.0,0.0,0.0,0.0,0.0,0.0
2026-04-23 23:00:00-06:00,0.0,0.0,0.0,0.0,0.0,0.0,0.0,0.0
2026-04-24 00:00:00-06:00,0.0,0.0,0.0,0.0,0.0,0.0,0.0,0.0
2026-04-24 01:00:00-06:00,0.0,0.0,0.0,0.0,0.0,0.0,0.0,0.0
2026-04-24 02:00:00-06:00,0.0,0.0,0.0,0.0,0.0,0.0,0.0,0.0
2026-04-24 03:00:00-06:00,0.0,0.0,0.0,0.0,0.0,0.0,0.0,0.0
2026-04-24 04:00:00-06:00,0.0,0.0,0.0,0.0,0.0,0.0,0.0,0.0
2026-04-24 05:00:00-06:00,0.0,0.0,0.0,0.0,0.0,0.0,0.0,0.0
2026-04-24 06:00:00-06:00,0.0,0.0,0.0,0.0,0.0,0.0,0.0,0.0
2026-04-24 07:00:00-06:00,21.0,33.0,29.929899732899536,30.421993,1.5827433975412546,2.4910969661961166,2.258430260271489,2.295710846642419
2026-04-24 08:00:00-06:00,56.0,202.0,174.612229940521,125.030945,4.295306317196747,15.786377659411222,13.59856764801577,9.675740213396871
2026-04-24 09:00:00-06:00,134.0,413.0,392.44773129648127,293.76544,10.522671742723471,33.57499943707699,31.824173746146286,23.534270986535358
2026-04-24 10:00:00-06:00,252.0,596.0,493.30576964946835,400.78705,20.208146600224225,49.82794162349872,40.73969912462995,32.73115385213908
2026-04-24 11:00:00-06:00,514.0,769.0,673.8567674158797,501.4706,42.90899939664851,66.14202327269533,57.32263966064457,41.80070354803333
2026-04-24 12:00:00-06:00,686.0,830.0,698.060455366637,532.5286,59.11461254249297,72.70928503839014,60.237422335733804,45.078704776632684
2026-04-24 13:00:00-06:00,680.0,792.0,747.4993109658026,645.95526,59.16048330061392,69.78460739647649,65.53354910177983,55.980387366305976
2026-04-24 14:00:00-06:00,863.0,572.0,720.3748125355373,689.5302,77.15896077191688,49.4898880526681,63.38781847290674,60.462709268682474
2026-04-24 15:00:00-06:00,734.0,380.0,614.574951287482,623.0366,64.78244669432401,32.204005097287215,53.51388768882619,54.3029880117489
2026-04-24 16:00:00-06:00,554.0,425.0,466.4045920052172,532.08356,47.94282092818602,36.235313572307426,39.957040887042396,45.930491244082994
2026-04-24 17:00:00-06:00,274.0,409.0,401.0515611647123,426.10754,22.869599628478948,34.68526361123344,33.979569951879725,36.20839130183258
2026-04-24 18:00:00-06:00,201.0,340.0,231.15132708263963,250.95474,16.61121416784651,28.567444140882387,19.172151519028553,20.863991913559925
2026-04-24 19:00:00-06:00,115.0,184.0,144.09104496891987,114.46808,9.349117746052055,15.084547142875149,11.755710018881523,9.305270227040802
2026-04-24 20:00:00-06:00,21.0,27.0,29.180122685646936,0.0,0.0,0.0,0.0,0.0
2026-04-24 21:00:00-06:00,0.0,0.0,0.0,0.0,0.0,0.0,0.0,0.0
2026-04-24 22:00:00-06:00,0.0,0.0,0.0,0.0,0.0,0.0,0.0,0.0
2026-04-24 23:00:00-06:00,0.0,0.0,0.0,0.0,0.0,0.0,0.0,0.0
2026-04-25 00:00:00-06:00,0.0,0.0,0.0,0.0,0.0,0.0,0.0,0.0
2026-04-25 01:00:00-06:00,0.0,0.0,0.0,0.0,0.0,0.0,0.0,0.0
2026-04-25 02:00:00-06:00,0.0,0.0,0.0,0.0,0.0,0.0,0.0,0.0
2026-04-25 03:00:00-06:00,0.0,0.0,0.0,0.0,0.0,0.0,0.0,0.0
2026-04-25 04:00:00-06:00,0.0,0.0,0.0,0.0,0.0,0.0,0.0,0.0
2026-04-25 05:00:00-06:00,0.0,0.0,0.0,0.0,0.0,0.0,0.0,0.0
2026-04-25 06:00:00-06:00,0.0,0.0,0.0,0.0,0.0,0.0,0.0,0.0
2026-04-25 07:00:00-06:00,6.0,35.0,28.401059600809393,30.671856,0.4454039438485552,2.608259626012423,2.1146359568616244,2.284401903415995
2026-04-25 08:00:00-06:00,32.0,200.0,114.1459777372386,102.19745,2.389000355583818,15.264602409296028,8.614738774341566,7.700853652421873
2026-04-25 09:00:00-06:00,97.0,409.0,253.23471209316045,212.15909,7.326524874685992,32.158270756901516,19.519638068266485,16.267020856450763
2026-04-25 10:00:00-06:00,198.0,606.0,279.91333078726814,306.3068,15.225155567762974,49.051184565375905,21.751336720468476,23.882511417817064
2026-04-25 11:00:00-06:00,276.0,771.0,315.9321912650258,368.22696,21.608866133788553,64.15024993196846,24.86044063031984,29.166517116954324
2026-04-25 12:00:00-06:00,498.0,883.0,557.0053681596185,459.88776,40.25041543873429,74.74044444662339,45.34554394803531,36.99613532878611
2026-04-25 13:00:00-06:00,501.0,866.0,576.3065887584637,490.53445,40.80416850252406,73.66772837466632,47.36812140169621,39.90086522294609
2026-04-25 14:00:00-06:00,368.0,840.0,565.2903044733043,495.17377,29.740318479720045,71.81904177866058,46.79101567710501,40.64276902811953
2026-04-25 15:00:00-06:00,520.0,687.0,545.2336368011073,507.82166,42.99651283313333,57.94325037190342,45.21946852649583,41.928182526604665
2026-04-25 16:00:00-06:00,368.0,702.0,476.71205066175656,466.0735,29.885446717309513,59.335927067740684,39.228157999633886,38.303528683078966
2026-04-25 17:00:00-06:00,462.0,573.0,414.46102002926796,399.67725,37.96526767239119,47.71780706800203,33.86323232576821,32.59671357008308
2026-04-25 18:00:00-06:00,303.0,390.0,246.9776552336552,242.0264,24.30183416023865,31.616212685026504,19.671342426097542,19.265094495124867
2026-04-25 19:00:00-06:00,105.0,184.0,168.855381189736,140.43889,8.204815033113421,14.52217522221594,13.301517391874413,11.023426087368376
2026-04-25 20:00:00-06:00,24.0,31.0,33.10301699438369,0.0,0.0,0.0,0.0,0.0
2026-04-25 21:00:00-06:00,0.0,0.0,0.0,0.0,0.0,0.0,0.0,0.0
2026-04-25 22:00:00-06:00,0.0,0.0,0.0,0.0,0.0,0.0,0.0,0.0
2026-04-25 23:00:00-06:00,0.0,0.0,0.0,0.0,0.0,0.0,0.0,0.0
2026-04-26 00:00:00-06:00,0.0,0.0,0.0,0.0,0.0,0.0,0.0,0.0
2026-04-26 01:00:00-06:00,0.0,0.0,0.0,0.0,0.0,0.0,0.0,0.0
2026-04-26 02:00:00-06:00,0.0,0.0,0.0,0.0,0.0,0.0,0.0,0.0
2026-04-26 03:00:00-06:00,0.0,0.0,0.0,0.0,0.0,0.0,0.0,0.0
2026-04-26 04:00:00-06:00,0.0,0.0,0.0,0.0,0.0,0.0,0.0,0.0
2026-04-26 05:00:00-06:00,0.0,0.0,0.0,0.0,0.0,0.0,0.0,0.0
2026-04-26 06:00:00-06:00,0.0,0.0,0.0,0.0,0.0,0.0,0.0,0.0
2026-04-26 07:00:00-06:00,30.0,21.0,32.41713063206987,31.21307,2.256839224656784,1.5779123624584526,2.4394524503085844,2.348471667231556
2026-04-26 08:00:00-06:00,135.0,56.0,188.20566944166944,141.06953,10.305281950796694,4.230892516092724,14.466105551127873,10.777097150979014
2026-04-26 09:00:00-06:00,283.0,134.0,413.5160998534858,338.34937,22.06496408822492,10.249636100084581,32.776501409432626,26.56624464180688
2026-04-26 10:00:00-06:00,393.0,252.0,538.23838710668,524.15515,31.212414496359003,19.661549487998663,43.52294197605936,42.310909884108206
2026-04-26 11:00:00-06:00,451.0,514.0,707.290344474001,669.44104,36.24138312084037,41.625192903624246,58.63474121376159,55.24563344367951
2026-04-26 12:00:00-06:00,644.0,686.0,734.6430474620415,685.66077,53.38568913522679,57.15321229887547,61.56038011973427,57.12264185556608
2026-04-26 13:00:00-06:00,632.0,680.0,732.4642272405961,681.8116,52.50261432201307,56.8139805461102,61.57861634837663,56.97759256080513
2026-04-26 14:00:00-06:00,714.0,863.0,704.9865640705556,670.95074,59.989385193629076,73.78390764335573,59.1690452167676,56.08587929588962
2026-04-26 15:00:00-06:00,570.0,734.0,670.6972209195741,626.0383,47.35734754886918,62.177237081508636,56.393628619726776,52.36123854407904
2026-04-26 16:00:00-06:00,499.0,554.0,538.9125613785726,579.5075,41.18895006581729,46.03111133113447,44.69684956716934,48.297147820409926
2026-04-26 17:00:00-06:00,380.0,274.0,434.1940313347267,445.78098,31.04258482636059,22.095187991124252,35.70320166285833,36.70722580642299
2026-04-26 18:00:00-06:00,175.0,201.0,199.0062708194583,247.95688,13.893996592266287,16.010095373972177,15.847354071202497,19.86582938695767
2026-04-26 19:00:00-06:00,55.0,115.0,133.56980529274642,79.5384,4.281322310822802,9.020311582763407,10.501488579823405,6.2108093662855826
2026-04-26 20:00:00-06:00,13.0,21.0,23.369098363238066,0.0,0.0,0.0,0.0,0.0
2026-04-26 21:00:00-06:00,0.0,0.0,0.0,0.0,0.0,0.0,0.0,0.0
2026-04-26 22:00:00-06:00,0.0,0.0,0.0,0.0,0.0,0.0,0.0,0.0
2026-04-26 23:00:00-06:00,0.0,0.0,0.0,0.0,0.0,0.0,0.0,0.0
2026-04-27 00:00:00-06:00,0.0,0.0,0.0,0.0,0.0,0.0,0.0,0.0
2026-04-27 01:00:00-06:00,0.0,0.0,0.0,0.0,0.0,0.0,0.0,0.0
2026-04-27 02:00:00-06:00,0.0,0.0,0.0,0.0,0.0,0.0,0.0,0.0
2026-04-27 03:00:00-06:00,0.0,0.0,0.0,0.0,0.0,0.0,0.0,0.0
2026-04-27 04:00:00-06:00,0.0,0.0,0.0,0.0,0.0,0.0,0.0,0.0
2026-04-27 05:00:00-06:00,0.0,0.0,0.0,0.0,0.0,0.0,0.0,0.0
2026-04-27 06:00:00-06:00,0.0,0.0,0.0,0.0,0.0,0.0,0.0,0.0
2026-04-27 07:00:00-06:00,6.0,6.0,17.981187076812073,29.4967,0.4499392012732262,0.4499392012732262,1.3505441948453831,2.2188297208189494
2026-04-27 08:00:00-06:00,53.0,32.0,58.86434421828173,62.059574,4.018336315048546,2.4194983185555183,4.4663819922161005,4.710790076683415
2026-04-27 09:00:00-06:00,178.0,97.0,235.8293295265311,178.27061,13.815736914212005,7.450850083653604,18.439550033088842,13.837219695818247
2026-04-27 10:00:00-06:00,308.0,198.0,393.73063195138195,321.43494,24.43471235129424,15.491947015396883,31.57090760860206,25.543396652620224
2026-04-27 11:00:00-06:00,673.0,276.0,688.6780968865585,604.9897,55.96121631233633,21.862840549570134,57.371999685703315,49.89782014763697
2026-04-27 12:00:00-06:00,659.0,498.0,776.1031304994626,807.25336,54.94379003607584,40.72503998748139,65.60887764333056,68.49168028938116
2026-04-27 13:00:00-06:00,895.0,501.0,756.9316932894849,797.0869,77.12750076248606,41.215792410089314,64.19248844619177,67.91544729775114
2026-04-27 14:00:00-06:00,722.0,368.0,725.895384894919,832.82434,61.312038177770134,29.95801083610425,61.6708865956408,71.63890342762333
2026-04-27 15:00:00-06:00,804.0,520.0,704.6081396551663,748.90564,68.95595874840568,43.1332278395582,59.73670459530996,63.82137851905887
2026-04-27 16:00:00-06:00,702.0,368.0,538.5633569208568,655.94037,59.54356298374845,29.994292895501623,44.80761661878156,55.33704904328759
2026-04-27 17:00:00-06:00,521.0,462.0,510.3794868706351,584.3803,43.22134526675848,38.056367191095454,42.286506664252315,48.84673776637372
2026-04-27 18:00:00-06:00,346.0,303.0,320.3565357013424,384.6396,27.955071012887718,24.351623399357322,25.801704593530904,31.224407645777166
2026-04-27 19:00:00-06:00,200.0,105.0,115.82248798173498,124.47644,15.73784666230518,8.163406160975121,9.017255182065188,9.701688012163784
2026-04-27 20:00:00-06:00,36.0,24.0,24.90055280993516,0.0,0.0,0.0,0.0,0.0
2026-04-27 21:00:00-06:00,0.0,0.0,0.0,0.0,0.0,0.0,0.0,0.0
2026-04-27 22:00:00-06:00,0.0,0.0,0.0,0.0,0.0,0.0,0.0,0.0
2026-04-27 23:00:00-06:00,0.0,0.0,0.0,0.0,0.0,0.0,0.0,0.0
2026-04-28 00:00:00-06:00,0.0,0.0,0.0,0.0,0.0,0.0,0.0,0.0
2026-04-28 01:00:00-06:00,0.0,0.0,0.0,0.0,0.0,0.0,0.0,0.0
2026-04-28 02:00:00-06:00,0.0,0.0,0.0,0.0,0.0,0.0,0.0,0.0
2026-04-28 03:00:00-06:00,0.0,0.0,0.0,0.0,0.0,0.0,0.0,0.0
2026-04-28 04:00:00-06:00,0.0,0.0,0.0,0.0,0.0,0.0,0.0,0.0
2026-04-28 05:00:00-06:00,0.0,0.0,0.0,0.0,0.0,0.0,0.0,0.0
2026-04-28 06:00:00-06:00,0.0,0.0,0.0,0.0,0.0,0.0,0.0,0.0
2026-04-28 07:00:00-06:00,44.0,30.0,29.744324557387053,33.133022,3.3089121623909814,2.2519095970212724,2.2326422150714436,2.4881155755878757
2026-04-28 08:00:00-06:00,207.0,135.0,151.68063124156544,155.5293,15.949296943171465,10.305281950796694,11.603706725472074,11.904071755493453
2026-04-28 09:00:00-06:00,399.0,283.0,433.35843679100907,405.4352,31.69957829982312,22.157969729614912,34.57699337369965,32.236725008669644
2026-04-28 10:00:00-06:00,547.0,393.0,466.8740987484736,492.84476,44.5665974465917,31.419064486839662,37.66723607645721,39.88952515947518
2026-04-28 11:00:00-06:00,536.0,451.0,689.0555104242958,642.8855,44.105107678753875,36.73050077483585,57.745699824408256,53.581982468585096
2026-04-28 12:00:00-06:00,633.0,644.0,763.132054641332,752.4282,53.46569536038373,54.465080402298504,65.44241345473762,64.44460250782359
2026-04-28 13:00:00-06:00,641.0,632.0,759.2828159677324,793.3347,54.445074043285345,53.624203201644775,65.38276427831944,68.58302985205293
2026-04-28 14:00:00-06:00,655.0,714.0,720.1324646991206,775.7408,55.83280905072603,61.2799617086061,61.850101915262435,67.05411459085084
2026-04-28 15:00:00-06:00,716.0,570.0,704.566593891112,789.2813,61.60700586538197,48.21904645955667,60.54331715697244,68.48620627137802
2026-04-28 16:00:00-06:00,561.0,499.0,593.6617181686279,691.28284,47.53665892764027,41.976113006655844,50.49663942925875,59.46977060534019
2026-04-28 17:00:00-06:00,473.0,380.0,503.67249903343554,523.3132,39.60479169259359,31.46719008669936,42.32630315853821,44.078785911120306
2026-04-28 18:00:00-06:00,276.0,175.0,241.98064708902206,295.375,22.42521247022934,14.043528630543486,19.57944281332004,24.056223714635344
2026-04-28 19:00:00-06:00,106.0,55.0,82.65215534465533,68.227615,8.381548667952117,4.321087973749264,6.516260940256792,5.3692724075680225
2026-04-28 20:00:00-06:00,17.0,13.0,19.04197465851143,0.0,0.0,0.0,0.0,0.0
2026-04-28 21:00:00-06:00,0.0,0.0,0.0,0.0,0.0,0.0,0.0,0.0
2026-04-28 22:00:00-06:00,0.0,0.0,0.0,0.0,0.0,0.0,0.0,0.0
2026-04-28 23:00:00-06:00,0.0,0.0,0.0,0.0,0.0,0.0,0.0,0.0
2026-04-29 00:00:00-06:00,0.0,0.0,0.0,0.0,0.0,0.0,0.0,0.0
2026-04-29 01:00:00-06:00,0.0,0.0,0.0,0.0,0.0,0.0,0.0,0.0
2026-04-29 02:00:00-06:00,0.0,0.0,0.0,0.0,0.0,0.0,0.0,0.0
2026-04-29 03:00:00-06:00,0.0,0.0,0.0,0.0,0.0,0.0,0.0,0.0
2026-04-29 04:00:00-06:00,0.0,0.0,0.0,0.0,0.0,0.0,0.0,0.0
2026-04-29 05:00:00-06:00,0.0,0.0,0.0,0.0,0.0,0.0,0.0,0.0
2026-04-29 06:00:00-06:00,0.0,0.0,0.0,0.0,0.0,0.0,0.0,0.0
2026-04-29 07:00:00-06:00,27.0,6.0,28.726649181433274,31.220318,2.034788355005368,0.4509251268003286,2.165405105376117,2.3541493975273964
2026-04-29 08:00:00-06:00,64.0,53.0,119.18965860498197,128.56427,4.8929680493517695,4.046205143281306,9.177623963901418,9.91142798694604
2026-04-29 09:00:00-06:00,91.0,178.0,314.157403339414,274.65494,7.065303119024133,13.973682183653807,25.086935356556634,21.824839215282758
2026-04-29 10:00:00-06:00,172.0,308.0,378.75653194721957,414.82214,13.622431288656482,24.809232594856205,30.774514270052435,33.85332548977301
2026-04-29 11:00:00-06:00,261.0,673.0,581.5952541282247,487.06866,20.99605863176302,56.89015534397221,48.636099920519676,40.27450343366946
2026-04-29 12:00:00-06:00,268.0,659.0,603.6914814352316,549.3301,21.745127793608795,56.02666490667664,50.99320219700026,46.10508155082782
2026-04-29 13:00:00-06:00,363.0,895.0,604.9558087468087,560.743,29.96243494222776,78.59817300708048,51.38592624227761,47.38445189586965
2026-04-29 14:00:00-06:00,496.0,722.0,660.451619177777,596.89545,41.49708069472165,62.02387640833807,56.33323149534973,50.53583464350663
2026-04-29 15:00:00-06:00,574.0,804.0,611.2695355162812,569.6505,48.61793274589885,69.93360250108041,52.00069169313473,48.22494868766359
2026-04-29 16:00:00-06:00,440.0,702.0,449.1593916638917,524.2402,36.65423106539738,60.30489467577693,37.45807065602697,44.110002708050395
2026-04-29 17:00:00-06:00,338.0,521.0,427.3126009520215,441.50784,27.83728894993336,43.854868146290244,35.57160565439898,36.815466368452334
2026-04-29 18:00:00-06:00,217.0,346.0,245.5348987817737,280.95215,17.454476044214157,28.273459229773323,19.81920187735727,22.776748944203383
2026-04-29 19:00:00-06:00,133.0,200.0,179.0029036345599,103.73114,10.53898543357862,15.981041625657102,14.26597526997354,8.189585093037444
2026-04-29 20:00:00-06:00,26.0,36.0,25.480105246340358,0.0,0.0,0.0,0.0,0.0
2026-04-29 21:00:00-06:00,0.0,0.0,0.0,0.0,0.0,0.0,0.0,0.0
2026-04-29 22:00:00-06:00,0.0,0.0,0.0,0.0,0.0,0.0,0.0,0.0
2026-04-29 23:00:00-06:00,0.0,0.0,0.0,0.0,0.0,0.0,0.0,0.0
2026-04-30 00:00:00-06:00,0.0,0.0,0.0,0.0,0.0,0.0,0.0,0.0
2026-04-30 01:00:00-06:00,0.0,0.0,0.0,0.0,0.0,0.0,0.0,0.0
2026-04-30 02:00:00-06:00,0.0,0.0,0.0,0.0,0.0,0.0,0.0,0.0
2026-04-30 03:00:00-06:00,0.0,0.0,0.0,0.0,0.0,0.0,0.0,0.0
2026-04-30 04:00:00-06:00,0.0,0.0,0.0,0.0,0.0,0.0,0.0,0.0
2026-04-30 05:00:00-06:00,0.0,0.0,0.0,0.0,0.0,0.0,0.0,0.0
2026-04-30 06:00:00-06:00,0.0,0.0,0.0,0.0,0.0,0.0,0.0,0.0
2026-04-30 07:00:00-06:00,52.0,44.0,40.942272616970655,29.86868,3.957383187850903,3.345062765051403,3.1113595982177893,2.266553496291369
2026-04-30 08:00:00-06:00,228.0,207.0,208.30172220528652,220.15916,17.79467677837098,16.11256621045962,16.21658041951036,17.165598251934526
2026-04-30 09:00:00-06:00,434.0,399.0,441.367168270722,432.04654,34.78783874217149,31.8438192044382,35.410623596737196,34.62288324070147
2026-04-30 10:00:00-06:00,628.0,547.0,615.0405176965792,627.5883,51.69134583031852,44.584574155369204,50.5455596245449,51.65489654457265
2026-04-30 11:00:00-06:00,790.0,536.0,747.2412835307982,781.32056,66.47718357908784,43.75280362373595,62.56211783104574,65.67954341527519
2026-04-30 12:00:00-06:00,905.0,633.0,840.084029710663,873.34454,77.36523675137855,52.40474090066884,71.27475304957798,74.3848432328021
2026-04-30 13:00:00-06:00,973.0,641.0,881.4414427737119,912.862,84.12252905163928,53.307513170114596,75.40599277778068,78.37853856859073
2026-04-30 14:00:00-06:00,943.0,655.0,734.7681093915777,845.7502,81.62004527675349,54.821085138997766,62.07887016173434,72.38671941834185
2026-04-30 15:00:00-06:00,854.0,716.0,681.735876161869,733.44116,73.41530304985767,60.57165260518751,57.44125227470654,62.174039317865585
2026-04-30 16:00:00-06:00,649.0,561.0,549.1327692495411,640.8723,54.49356290996978,46.614818559799524,45.56408932843687,53.759441010977135
2026-04-30 17:00:00-06:00,433.0,473.0,510.12986476180106,540.9394,35.42912636009481,38.889732771970465,42.130441337176215,44.84027520341908
2026-04-30 18:00:00-06:00,332.0,276.0,323.17586712227836,368.9038,26.77782752938305,22.107744450502366,26.037814754419756,29.88941097606348
2026-04-30 19:00:00-06:00,143.0,106.0,199.34995905905697,150.21872,11.242186855003919,8.294458579724738,15.783681908998009,11.820457045536946
2026-04-30 20:00:00-06:00,27.0,17.0,29.59449805749807,0.0,0.0,0.0,0.0,0.0
2026-04-30 21:00:00-06:00,0.0,0.0,0.0,0.0,0.0,0.0,0.0,0.0
2026-04-30 22:00:00-06:00,0.0,0.0,0.0,0.0,0.0,0.0,0.0,0.0
2026-04-30 23:00:00-06:00,0.0,0.0,0.0,0.0,0.0,0.0,0.0,0.0
2026-05-01 00:00:00-06:00,0.0,0.0,0.0,0.0,0.0,0.0,0.0,0.0
2026-05-01 01:00:00-06:00,0.0,0.0,0.0,0.0,0.0,0.0,0.0,0.0
2026-05-01 02:00:00-06:00,0.0,0.0,0.0,0.0,0.0,0.0,0.0,0.0
2026-05-01 03:00:00-06:00,0.0,0.0,0.0,0.0,0.0,0.0,0.0,0.0
2026-05-01 04:00:00-06:00,0.0,0.0,0.0,0.0,0.0,0.0,0.0,0.0
2026-05-01 05:00:00-06:00,0.0,0.0,0.0,0.0,0.0,0.0,0.0,0.0
2026-05-01 06:00:00-06:00,0.0,0.0,0.0,0.0,0.0,0.0,0.0,0.0
2026-05-01 07:00:00-06:00,55.0,27.0,43.16365409839114,33.92848,4.138527430314137,2.0241403593126623,3.2428215915612566,2.5458878233041995
2026-05-01 08:00:00-06:00,234.0,64.0,227.413705500518,234.36519,18.276887021889618,4.890864741560618,17.74759555335988,18.3062596973611
2026-05-01 09:00:00-06:00,443.0,91.0,444.1997664621548,439.4394,36.102036785089865,7.098200167445117,36.2050984113226,35.79634372015922
2026-05-01 10:00:00-06:00,640.0,172.0,612.4141385311859,622.2982,53.912092166757965,13.690262964921128,51.42071679023103,52.31164660529127
2026-05-01 11:00:00-06:00,805.0,261.0,771.952284107295,761.7058,69.49945774242626,21.124721913049882,66.39319141909667,65.43449193926736
2026-05-01 12:00:00-06:00,921.0,268.0,847.8413076688161,866.9495,80.99797176798825,21.833203807363276,73.94860283286499,75.77957098844782
2026-05-01 13:00:00-06:00,980.0,363.0,894.2349654250803,912.0899,87.11468293860683,30.04594283437333,78.72991915619154,80.46346620755071
2026-05-01 14:00:00-06:00,976.0,496.0,852.4583936486575,904.1074,86.91283335010017,41.806792766968755,74.86661372541772,79.8659366940717
2026-05-01 15:00:00-06:00,883.0,574.0,734.7602616923364,819.31525,78.07763803494383,48.99521358093669,63.8891971663704,71.92876781276941
2026-05-01 16:00:00-06:00,752.0,440.0,645.1809629369586,718.54346,65.44271329161053,36.92897564561659,55.463057898760056,62.29265757357835
2026-05-01 17:00:00-06:00,582.0,338.0,531.0665367061624,568.3892,49.39910827330614,27.870613232749417,44.80761055374749,48.16709786954296
2026-05-01 18:00:00-06:00,394.0,217.0,306.63482993179565,390.03867,32.78482051393919,17.675553411574754,25.249367508822896,32.43986819799616
2026-05-01 19:00:00-06:00,210.0,133.0,118.7485002201497,145.05798,17.02177541169197,10.678855401690214,9.517781924311445,11.664369890606016
2026-05-01 20:00:00-06:00,42.0,26.0,27.209419652565366,0.0,0.0,0.0,0.0,0.0
2026-05-01 21:00:00-06:00,0.0,0.0,0.0,0.0,0.0,0.0,0.0,0.0
2026-05-01 22:00:00-06:00,0.0,0.0,0.0,0.0,0.0,0.0,0.0,0.0
2026-05-01 23:00:00-06:00,0.0,0.0,0.0,0.0,0.0,0.0,0.0,0.0
2026-05-02 00:00:00-06:00,0.0,0.0,0.0,0.0,0.0,0.0,0.0,0.0
2026-05-02 01:00:00-06:00,0.0,0.0,0.0,0.0,0.0,0.0,0.0,0.0
2026-05-02 02:00:00-06:00,0.0,0.0,0.0,0.0,0.0,0.0,0.0,0.0
2026-05-02 03:00:00-06:00,0.0,0.0,0.0,0.0,0.0,0.0,0.0,0.0
2026-05-02 04:00:00-06:00,0.0,0.0,0.0,0.0,0.0,0.0,0.0,0.0
2026-05-02 05:00:00-06:00,0.0,0.0,0.0,0.0,0.0,0.0,0.0,0.0
2026-05-02 06:00:00-06:00,0.0,0.0,0.0,9.078778,0.0,0.0,0.0,0.6787067516211677
2026-05-02 07:00:00-06:00,56.0,52.0,51.59489037278512,39.007977,4.236413699044498,3.931749124146241,3.9009111908427623,2.944386995121428
2026-05-02 08:00:00-06:00,232.0,228.0,244.95826005803906,187.50801,18.161817849415502,17.839634982406846,19.20773035887594,14.596052308133478
2026-05-02 09:00:00-06:00,434.0,434.0,411.4108924222403,399.06216,35.37262403648015,35.37262403648015,33.43932610123534,32.38673554988604
2026-05-02 10:00:00-06:00,619.0,628.0,544.2810254086727,575.4356,52.400652459788745,53.21861020016859,45.671939361236795,48.4640565903602
2026-05-02 11:00:00-06:00,757.0,790.0,675.8439745528865,712.7705,65.94026740426773,69.07345413379082,58.32681818112171,61.774784779114256
2026-05-02 12:00:00-06:00,760.0,905.0,731.0727025808906,793.0172,66.5239310194499,80.51789794520965,63.782069853836994,69.6737439875569
2026-05-02 13:00:00-06:00,622.0,973.0,715.8803029453952,830.1453,53.98138390555451,87.8318437980724,62.795724535908704,73.75993045783324
2026-05-02 14:00:00-06:00,639.0,943.0,678.4710433490404,789.3675,55.711534151969744,85.06003803336645,59.41852441903436,69.99899049150027
2026-05-02 15:00:00-06:00,464.0,854.0,655.4243475661596,728.53674,39.72472036971096,76.41836647704308,57.35799924429425,64.28471739686661
2026-05-02 16:00:00-06:00,477.0,649.0,544.4299262227187,649.8704,40.91489463244394,56.77575045592218,47.06294115244768,56.85750866195
2026-05-02 17:00:00-06:00,246.0,433.0,455.0383229413346,526.41473,20.52890017665021,36.93752668819301,38.917021275050324,45.394240985689805
2026-05-02 18:00:00-06:00,116.0,332.0,244.58770529715375,353.67496,9.530683653598425,27.98893844687563,20.407615977078162,29.892279064168132
2026-05-02 19:00:00-06:00,109.0,143.0,131.10086341112236,135.00305,8.9085822076827,11.735642581318666,10.743634169863384,11.068642603955993
2026-05-02 20:00:00-06:00,27.0,27.0,30.145904436876155,0.0,0.0,0.0,0.0,0.0
2026-05-02 21:00:00-06:00,0.0,0.0,0.0,0.0,0.0,0.0,0.0,0.0
2026-05-02 22:00:00-06:00,0.0,0.0,0.0,0.0,0.0,0.0,0.0,0.0
2026-05-02 23:00:00-06:00,0.0,0.0,0.0,0.0,0.0,0.0,0.0,0.0
2026-05-03 00:00:00-06:00,0.0,0.0,0.0,0.0,0.0,0.0,0.0,0.0
2026-05-03 01:00:00-06:00,0.0,0.0,0.0,0.0,0.0,0.0,0.0,0.0
2026-05-03 02:00:00-06:00,0.0,0.0,0.0,0.0,0.0,0.0,0.0,0.0
2026-05-03 03:00:00-06:00,0.0,0.0,0.0,0.0,0.0,0.0,0.0,0.0
2026-05-03 04:00:00-06:00,0.0,0.0,0.0,0.0,0.0,0.0,0.0,0.0
2026-05-03 05:00:00-06:00,0.0,0.0,0.0,0.0,0.0,0.0,0.0,0.0
2026-05-03 06:00:00-06:00,0.0,0.0,0.0,12.036817,0.0,0.0,0.0,0.9120629477366712
2026-05-03 07:00:00-06:00,47.0,55.0,47.2979811091686,40.159054,3.6023372064177814,4.219866286300085,3.625315936873487,3.0752840595000612
2026-05-03 08:00:00-06:00,174.0,234.0,233.80960264735265,169.53865,13.8014393121568,18.699849073016548,18.684192024337353,13.440067180396817
2026-05-03 09:00:00-06:00,384.0,443.0,401.4279684266663,393.17026,31.687464064776975,36.81541963231693,33.1950192238712,32.479958947766704
2026-05-03 10:00:00-06:00,541.0,640.0,555.4614447588779,588.2561,45.912395919048514,54.94271298442233,47.21937220474525,50.198617396017205
2026-05-03 11:00:00-06:00,555.0,805.0,687.1516591198022,741.94086,47.597115612875285,71.03388650443996,59.83143791446725,65.00532211616121
2026-05-03 12:00:00-06:00,524.0,921.0,709.3297551564393,791.0405,45.207899856003024,83.08645781204923,62.501385406475876,70.34245903794057
2026-05-03 13:00:00-06:00,414.0,980.0,710.9619047984639,732.4354,35.4699698981906,89.46578667890368,63.00718969194188,65.06626506596342
2026-05-03 14:00:00-06:00,405.0,976.0,673.3249261521104,711.9236,34.6494110588437,89.02981264189442,59.39815934955,63.07581170253338
2026-05-03 15:00:00-06:00,343.0,883.0,635.9228974791549,653.9231,29.10025663858903,79.64466806772039,55.80002532310573,57.49625936354183
2026-05-03 16:00:00-06:00,347.0,752.0,533.285198121323,598.2277,29.510408129175264,66.97497301746462,46.33851858756154,52.36698136376661
2026-05-03 17:00:00-06:00,294.0,582.0,412.6412934891692,470.0321,24.800153226158436,50.757122094336985,35.2937541650051,40.47009378971072
2026-05-03 18:00:00-06:00,171.0,394.0,250.34087204013295,309.82104,14.114751693858992,33.393399477635256,20.86079451412919,26.00007988118956
2026-05-03 19:00:00-06:00,44.0,210.0,163.57173255910755,135.07268,3.553290236375429,17.304736037970358,13.403539468050813,11.030053865113707
2026-05-03 20:00:00-06:00,13.0,42.0,33.31892936666447,0.0,0.0,0.0,0.0,0.0
2026-05-03 21:00:00-06:00,0.0,0.0,0.0,0.0,0.0,0.0,0.0,0.0
2026-05-03 22:00:00-06:00,0.0,0.0,0.0,0.0,0.0,0.0,0.0,0.0
2026-05-03 23:00:00-06:00,0.0,0.0,0.0,0.0,0.0,0.0,0.0,0.0
2026-05-04 00:00:00-06:00,0.0,0.0,0.0,0.0,0.0,0.0,0.0,0.0
2026-05-04 01:00:00-06:00,0.0,0.0,0.0,0.0,0.0,0.0,0.0,0.0
2026-05-04 02:00:00-06:00,0.0,0.0,0.0,0.0,0.0,0.0,0.0,0.0
2026-05-04 03:00:00-06:00,0.0,0.0,0.0,0.0,0.0,0.0,0.0,0.0
2026-05-04 04:00:00-06:00,0.0,0.0,0.0,0.0,0.0,0.0,0.0,0.0
2026-05-04 05:00:00-06:00,0.0,0.0,0.0,0.0,0.0,0.0,0.0,0.0
2026-05-04 06:00:00-06:00,0.0,0.0,0.0,4.6283383,0.0,0.0,0.0,0.350361835685143
2026-05-04 07:00:00-06:00,8.0,56.0,37.2923207552252,26.668514,0.6103312986970699,4.298987105831263,2.85592145717299,2.039517969483592
2026-05-04 08:00:00-06:00,25.0,232.0,82.66511668886668,52.89735,1.938614743442448,18.46679747913251,6.457525561413828,4.116543908698429
2026-05-04 09:00:00-06:00,29.0,434.0,156.16261712118293,69.32114,2.296643960029373,36.11430294633505,12.564253409670805,5.517591651501157
2026-05-04 10:00:00-06:00,46.0,619.0,159.76778121878124,90.96785,3.7172279259722005,53.53985654217133,13.091053803864895,7.391632193164437
2026-05-04 11:00:00-06:00,123.0,757.0,225.13901244588752,130.6436,10.114353213992745,67.01002946535806,18.741437960751547,10.7527975312113
2026-05-04 12:00:00-06:00,239.0,760.0,229.50334776334785,204.7333,19.93600095920999,67.32318798008755,19.122221774961204,17.008069075342846
2026-05-04 13:00:00-06:00,229.0,622.0,210.0883856143857,242.49348,18.92109539504806,53.81785172479245,17.31910792930389,20.068455580131538
2026-05-04 14:00:00-06:00,209.0,639.0,208.5310086302587,252.46185,17.22025901549605,55.375530732333246,17.180646856124355,20.910096118357135
2026-05-04 15:00:00-06:00,270.0,464.0,204.15646552059053,235.62132,22.38304875684126,39.358744814050546,16.791244138841567,19.452685522357537
2026-05-04 16:00:00-06:00,258.0,477.0,159.55360435397938,212.02545,21.41688346795229,40.632722746587234,13.088896343329282,17.503773133203808
2026-05-04 17:00:00-06:00,245.0,246.0,182.61425709232296,185.45476,20.20951865547578,20.294447086305258,14.950427215669254,15.18820215685474
2026-05-04 18:00:00-06:00,131.0,116.0,193.96383951465197,151.96991,10.601775934868874,9.370569347996998,15.818577424832093,12.330478700784393
2026-05-04 19:00:00-06:00,53.0,109.0,128.2280346459096,57.0964,4.211676310913327,8.722308011428822,10.285419212761374,4.539519705781063
2026-05-04 20:00:00-06:00,11.0,27.0,33.227417741980254,0.0,0.0,0.0,0.0,0.0
2026-05-04 21:00:00-06:00,0.0,0.0,0.0,0.0,0.0,0.0,0.0,0.0
2026-05-04 22:00:00-06:00,0.0,0.0,0.0,0.0,0.0,0.0,0.0,0.0
2026-05-04 23:00:00-06:00,0.0,0.0,0.0,0.0,0.0,0.0,0.0,0.0
2026-05-05 00:00:00-06:00,0.0,0.0,0.0,0.0,0.0,0.0,0.0,0.0
2026-05-05 01:00:00-06:00,0.0,0.0,0.0,0.0,0.0,0.0,0.0,0.0
2026-05-05 02:00:00-06:00,0.0,0.0,0.0,0.0,0.0,0.0,0.0,0.0
2026-05-05 03:00:00-06:00,0.0,0.0,0.0,0.0,0.0,0.0,0.0,0.0
2026-05-05 04:00:00-06:00,0.0,0.0,0.0,0.0,0.0,0.0,0.0,0.0
2026-05-05 05:00:00-06:00,0.0,0.0,0.0,0.0,0.0,0.0,0.0,0.0
2026-05-05 06:00:00-06:00,0.0,0.0,0.0,8.32356,0.0,0.0,0.0,0.6224596870715571
2026-05-05 07:00:00-06:00,13.0,47.0,37.39051941767384,30.994244,0.9723532176875481,3.531284840097935,2.805724117880823,2.323791081928858
2026-05-05 08:00:00-06:00,89.0,174.0,98.67685553335552,63.511456,6.723986288477763,13.292504555066543,7.464550181080221,4.782255881398403
2026-05-05 09:00:00-06:00,168.0,384.0,190.67672824397832,158.79817,12.807578274567533,30.09736337466622,14.579250161144454,12.091574437297208
2026-05-05 10:00:00-06:00,338.0,541.0,250.7022694319568,271.54654,26.293263846122528,43.17434927354821,19.28517899928451,20.94477223189359
2026-05-05 11:00:00-06:00,450.0,555.0,513.5463115564994,559.2603,35.5058499275503,44.36870247437849,40.84354004125882,44.73292577091609
2026-05-05 12:00:00-06:00,784.0,524.0,585.5397037198912,615.402,64.43122436544239,41.712070850371816,46.96832513153651,49.546013299447885
2026-05-05 13:00:00-06:00,796.0,414.0,594.172564387002,668.05206,65.51218327110688,32.50391154245574,47.71168867388216,54.13382780325968
2026-05-05 14:00:00-06:00,801.0,405.0,738.3052123590518,713.7354,65.91077768859022,31.734522237965447,60.29267006367994,58.11223109511551
2026-05-05 15:00:00-06:00,701.0,343.0,729.851833583351,729.2316,56.9867445097157,26.66541495685695,59.541126048253545,59.486042804989204
2026-05-05 16:00:00-06:00,722.0,347.0,648.0625589633416,661.2618,58.8443323118013,26.990152432611875,52.342912387244034,53.495584109876454
2026-05-05 17:00:00-06:00,611.0,294.0,530.3491266209038,577.67267,49.144846099700274,22.722808140553685,42.23345906731938,46.27320881699859
2026-05-05 18:00:00-06:00,422.0,171.0,222.6503817891306,371.30057,33.165500208362644,13.013275694980194,17.0580156615943,28.994206623372605
2026-05-05 19:00:00-06:00,221.0,44.0,116.06757212538716,100.57027,16.97153353456785,3.3016820418588972,8.792492377778181,7.603058818106964
2026-05-05 20:00:00-06:00,49.0,13.0,25.891096570699823,0.0,0.0,0.0,0.0,0.0
2026-05-05 21:00:00-06:00,0.0,0.0,0.0,0.0,0.0,0.0,0.0,0.0
2026-05-05 22:00:00-06:00,0.0,0.0,0.0,0.0,0.0,0.0,0.0,0.0
2026-05-05 23:00:00-06:00,0.0,0.0,0.0,0.0,0.0,0.0,0.0,0.0
2026-05-06 00:00:00-06:00,0.0,0.0,0.0,0.0,0.0,0.0,0.0,0.0
2026-05-06 01:00:00-06:00,0.0,0.0,0.0,0.0,0.0,0.0,0.0,0.0
2026-05-06 02:00:00-06:00,0.0,0.0,0.0,0.0,0.0,0.0,0.0,0.0
2026-05-06 03:00:00-06:00,0.0,0.0,0.0,0.0,0.0,0.0,0.0,0.0
2026-05-06 04:00:00-06:00,0.0,0.0,0.0,0.0,0.0,0.0,0.0,0.0
2026-05-06 05:00:00-06:00,0.0,0.0,0.0,0.0,0.0,0.0,0.0,0.0
2026-05-06 06:00:00-06:00,0.0,0.0,0.0,15.961972,0.0,0.0,0.0,1.182301867007009
2026-05-06 07:00:00-06:00,64.0,8.0,44.8542308722297,35.597897,4.768872889673814,0.5916644420505978,3.3337320004119597,2.6424979950290837
2026-05-06 08:00:00-06:00,226.0,25.0,181.2063247166481,134.35834,17.225596958652908,1.8556326782446628,13.730918569730749,10.11856214577373
2026-05-06 09:00:00-06:00,382.0,29.0,395.5566208252313,292.05966,29.73216063140421,2.155590881285257,30.840512702833465,22.471237109446147
2026-05-06 10:00:00-06:00,569.0,46.0,526.2415669795996,507.33463,45.45474643573829,3.4360419656425965,41.81573725983982,40.21820575488631
2026-05-06 11:00:00-06:00,725.0,123.0,756.0908263001112,734.93384,59.15806938678586,9.301851987107659,61.92821902365492,60.041075482037115
2026-05-06 12:00:00-06:00,881.0,239.0,853.6390395374907,848.0583,73.68507548481669,18.467201973117074,71.16493767751102,70.65273497356586
2026-05-06 13:00:00-06:00,946.0,229.0,817.2266252748004,842.3986,79.73159598354182,17.671796295472372,67.83413530542997,70.1339204006643
2026-05-06 14:00:00-06:00,933.0,209.0,864.6110408001172,871.0555,79.34346686062067,16.272390213739808,72.9409503993628,73.5403129355666
2026-05-06 15:00:00-06:00,850.0,270.0,714.774391331878,771.03455,71.69684688079253,21.220642560387528,59.33173528582484,64.43212218263487
2026-05-06 16:00:00-06:00,752.0,258.0,594.3677233208707,682.5585,62.84775730427703,20.29766080958565,48.74424796807604,56.57399985245221
2026-05-06 17:00:00-06:00,554.0,245.0,461.9995909622035,508.52362,45.339254524582486,19.299673714881447,37.38826907685281,41.38804194433119
2026-05-06 18:00:00-06:00,392.0,131.0,195.50893437281692,321.80698,31.373876953014133,10.14542387255741,15.266507854502036,25.531845567042215
2026-05-06 19:00:00-06:00,179.0,53.0,48.970755424331266,36.53593,13.85983316329593,4.03749613445857,3.7285940269492155,2.7773090944340986
2026-05-06 20:00:00-06:00,35.0,11.0,9.306735579149704,0.0,0.0,0.0,0.0,0.0
2026-05-06 21:00:00-06:00,0.0,0.0,0.0,0.0,0.0,0.0,0.0,0.0
2026-05-06 22:00:00-06:00,0.0,0.0,0.0,0.0,0.0,0.0,0.0,0.0
2026-05-06 23:00:00-06:00,0.0,0.0,0.0,0.0,0.0,0.0,0.0,0.0
2026-05-07 00:00:00-06:00,0.0,0.0,0.0,0.0,0.0,0.0,0.0,0.0
2026-05-07 01:00:00-06:00,0.0,0.0,0.0,0.0,0.0,0.0,0.0,0.0
2026-05-07 02:00:00-06:00,0.0,0.0,0.0,0.0,0.0,0.0,0.0,0.0
2026-05-07 03:00:00-06:00,0.0,0.0,0.0,0.0,0.0,0.0,0.0,0.0
2026-05-07 04:00:00-06:00,0.0,0.0,0.0,0.0,0.0,0.0,0.0,0.0
2026-05-07 05:00:00-06:00,0.0,0.0,0.0,0.0,0.0,0.0,0.0,0.0
2026-05-07 06:00:00-06:00,0.0,0.0,0.0,16.116924,0.0,0.0,0.0,1.1953929368058687
2026-05-07 07:00:00-06:00,37.0,13.0,15.8365180350979,37.092205,2.78357266846718,0.9749166240580145,1.1880829476830672,2.790543341535503
2026-05-07 08:00:00-06:00,128.0,89.0,205.72171088767868,75.81446,9.867210049032751,6.826358222375228,16.017218020554772,5.805101027233609
2026-05-07 09:00:00-06:00,348.0,168.0,309.254128697691,171.02647,27.894831407469102,13.166455166432804,24.67017860594085,13.408780502539845
2026-05-07 10:00:00-06:00,428.0,338.0,512.9816533978792,485.04465,35.09724391029949,27.41518136759658,42.49848878748356,40.049580691029675
2026-05-07 11:00:00-06:00,700.0,450.0,724.6208808384913,689.9956,59.93515683619032,37.41361582249344,62.22023839821048,59.01007855402418
2026-05-07 12:00:00-06:00,788.0,784.0,746.6437249694756,745.8297,68.49449426082899,68.11569378859252,64.59337745930567,64.51693257818287
2026-05-07 13:00:00-06:00,781.0,796.0,778.657944426216,772.8173,68.39647419183778,69.82856522876118,68.17327469628025,67.61713351963492
2026-05-07 14:00:00-06:00,754.0,801.0,735.8693571247526,818.61115,66.22643441281562,70.72810840656524,64.50159151751183,72.42619814562867
2026-05-07 15:00:00-06:00,787.0,701.0,779.5120286941643,816.34955,69.40846478613878,61.22569844930821,68.69016335969788,72.23461627743511
2026-05-07 16:00:00-06:00,703.0,722.0,608.5203641849522,715.04803,61.55294971903853,63.35264110539819,52.710151605312994,62.693315813176476
2026-05-07 17:00:00-06:00,570.0,611.0,508.3883630444467,563.74316,49.080745370244166,52.85964916490094,43.46482240902156,48.506996369676195
2026-05-07 18:00:00-06:00,337.0,422.0,346.28280907347477,404.3315,27.9730912856364,35.384489928027776,28.77551331123702,33.83212017443933
2026-05-07 19:00:00-06:00,207.0,221.0,191.39355406786837,172.03644,16.77924905188626,17.944773486554862,15.4845692645771,13.88545588710553
2026-05-07 20:00:00-06:00,49.0,49.0,42.621662306443575,22.44209,3.8467797442958123,3.8467797442958123,3.343346706900998,1.7559189700335336
2026-05-07 21:00:00-06:00,0.0,0.0,0.0,0.0,0.0,0.0,0.0,0.0
2026-05-07 22:00:00-06:00,0.0,0.0,0.0,0.0,0.0,0.0,0.0,0.0
2026-05-07 23:00:00-06:00,0.0,0.0,0.0,0.0,0.0,0.0,0.0,0.0
2026-05-08 00:00:00-06:00,0.0,0.0,0.0,0.0,0.0,0.0,0.0,0.0
2026-05-08 01:00:00-06:00,0.0,0.0,0.0,0.0,0.0,0.0,0.0,0.0
2026-05-08 02:00:00-06:00,0.0,0.0,0.0,0.0,0.0,0.0,0.0,0.0
2026-05-08 03:00:00-06:00,0.0,0.0,0.0,0.0,0.0,0.0,0.0,0.0
2026-05-08 04:00:00-06:00,0.0,0.0,0.0,0.0,0.0,0.0,0.0,0.0
2026-05-08 05:00:00-06:00,0.0,0.0,0.0,0.0,0.0,0.0,0.0,0.0
2026-05-08 06:00:00-06:00,0.0,0.0,0.0,12.142011,0.0,0.0,0.0,0.9248349148298339
2026-05-08 07:00:00-06:00,62.0,64.0,71.39525778315252,52.81999,4.775509006489901,4.930827589592502,5.505827393941011,4.063614030033697
2026-05-08 08:00:00-06:00,238.0,226.0,259.4967393094633,269.46207,18.833407638479677,17.856917937840812,20.5898302690075,21.4071725348295
2026-05-08 09:00:00-06:00,451.0,382.0,450.35192632553265,452.44504,36.87871824574359,30.97501835086949,36.82282902218314,37.00336686732799
2026-05-08 10:00:00-06:00,643.0,569.0,628.3346095194834,640.96967,54.16281130066245,47.51171572711627,52.836057817217146,53.97887580724757
2026-05-08 11:00:00-06:00,780.0,725.0,787.7547608777433,789.0338,67.53213828308728,62.37465141895744,68.26414961071568,68.38500052802422
2026-05-08 12:00:00-06:00,907.0,881.0,801.8370617173601,872.82294,80.02825524544099,77.50691719807642,69.91272118349323,76.71672291406851
2026-05-08 13:00:00-06:00,908.0,946.0,905.7856506442904,920.24005,80.81183328001033,84.55047131817597,80.5948575137475,82.0129451482787
2026-05-08 14:00:00-06:00,955.0,933.0,698.6476366183834,764.7872,85.81675841405091,83.6361866056245,61.00393670754794,67.2808913800534
2026-05-08 15:00:00-06:00,643.0,850.0,656.6612513934972,681.0874,56.001266631050285,75.7752921445728,57.28007660867185,59.57580317639785
2026-05-08 16:00:00-06:00,618.0,752.0,565.8550987086956,590.3363,53.71126202200171,66.35712635381378,48.8865366279864,51.14494976363972
2026-05-08 17:00:00-06:00,418.0,554.0,423.0160348680798,467.85703,35.51330679436217,47.81537362171592,35.96052073256981,39.98058287492739
2026-05-08 18:00:00-06:00,314.0,392.0,286.39315441087126,255.34213,26.198685186040027,33.00998750105632,23.81685906682239,21.155951189178392
2026-05-08 19:00:00-06:00,130.0,179.0,219.4070247984333,188.32207,10.519556599832875,14.571638529679625,17.94896146341809,15.347925950771717
2026-05-08 20:00:00-06:00,42.0,35.0,44.22131209557921,21.173641,3.3315909516141025,2.773895114565626,3.508767957268922,1.6751943981877355
2026-05-08 21:00:00-06:00,0.0,0.0,0.0,0.0,0.0,0.0,0.0,0.0
2026-05-08 22:00:00-06:00,0.0,0.0,0.0,0.0,0.0,0.0,0.0,0.0
2026-05-08 23:00:00-06:00,0.0,0.0,0.0,0.0,0.0,0.0,0.0,0.0
2026-05-09 00:00:00-06:00,0.0,0.0,0.0,0.0,0.0,0.0,0.0,0.0
2026-05-09 01:00:00-06:00,0.0,0.0,0.0,0.0,0.0,0.0,0.0,0.0
2026-05-09 02:00:00-06:00,0.0,0.0,0.0,0.0,0.0,0.0,0.0,0.0
2026-05-09 03:00:00-06:00,0.0,0.0,0.0,0.0,0.0,0.0,0.0,0.0
2026-05-09 04:00:00-06:00,0.0,0.0,0.0,0.0,0.0,0.0,0.0,0.0
2026-05-09 05:00:00-06:00,0.0,0.0,0.0,0.0,0.0,0.0,0.0,0.0
2026-05-09 06:00:00-06:00,0.0,0.0,0.0,11.639798,0.0,0.0,0.0,0.9048858615357523
2026-05-09 07:00:00-06:00,68.0,37.0,67.80845801420799,56.408062,5.369084441175688,2.9100340494101813,5.353831979451531,4.447331131636207
2026-05-09 08:00:00-06:00,243.0,128.0,239.38361535044405,216.97028,19.768197430471908,10.266838529351592,19.465413585189594,17.594632211943242
2026-05-09 09:00:00-06:00,447.0,348.0,429.23335699554895,451.26025,37.665047635327696,28.98132133833594,36.09233845781337,38.04309773633406
2026-05-09 10:00:00-06:00,638.0,428.0,561.8224645431324,634.13007,55.513182219702735,36.34910641624565,48.46027178622623,55.15210750790361
2026-05-09 11:00:00-06:00,799.0,700.0,744.510857461026,784.17303,71.24463395533954,61.72954129551669,65.9835086105422,69.80720208283707
2026-05-09 12:00:00-06:00,905.0,788.0,862.4248147963144,850.4178,81.70758141457988,70.22959173179225,77.49941372135899,76.31913071557003
2026-05-09 13:00:00-06:00,923.0,781.0,868.2318448685976,823.3788,83.83120440544923,69.83382215361614,78.38513828181692,73.96934558465536
2026-05-09 14:00:00-06:00,904.0,754.0,864.62804260142,844.3648,82.14309409272325,67.39107537379743,78.22777548444284,76.22469997798925
2026-05-09 15:00:00-06:00,879.0,787.0,793.119156958646,806.4717,78.90234268808025,69.92574704602517,70.51758980326038,71.8116206671747
2026-05-09 16:00:00-06:00,749.0,703.0,653.0063379314074,727.05255,66.11934152951251,61.73777789118598,57.023424691091705,64.023579384971
2026-05-09 17:00:00-06:00,593.0,570.0,553.8796146403042,609.0897,51.0795801126299,48.96834986015449,47.494874080598244,52.562737642222345
2026-05-09 18:00:00-06:00,410.0,337.0,377.2229527580116,420.17896,33.92525444387358,27.640834383002893,31.09046584614979,34.80993975611848
2026-05-09 19:00:00-06:00,220.0,207.0,207.6712714982463,216.8341,17.673409632612515,16.602374012324095,16.657596189252253,17.412271153115043
2026-05-09 20:00:00-06:00,56.0,49.0,47.64271315879702,33.063793,4.378124061473349,3.8274556039646055,3.7207945630032206,2.577429592756703
2026-05-09 21:00:00-06:00,0.0,0.0,0.0,0.0,0.0,0.0,0.0,0.0
2026-05-09 22:00:00-06:00,0.0,0.0,0.0,0.0,0.0,0.0,0.0,0.0
2026-05-09 23:00:00-06:00,0.0,0.0,0.0,0.0,0.0,0.0,0.0,0.0
2026-05-10 00:00:00-06:00,0.0,0.0,0.0,0.0,0.0,0.0,0.0,0.0
2026-05-10 01:00:00-06:00,0.0,0.0,0.0,0.0,0.0,0.0,0.0,0.0
2026-05-10 02:00:00-06:00,0.0,0.0,0.0,0.0,0.0,0.0,0.0,0.0
2026-05-10 03:00:00-06:00,0.0,0.0,0.0,0.0,0.0,0.0,0.0,0.0
2026-05-10 04:00:00-06:00,0.0,0.0,0.0,0.0,0.0,0.0,0.0,0.0
2026-05-10 05:00:00-06:00,0.0,0.0,0.0,0.0,0.0,0.0,0.0,0.0
2026-05-10 06:00:00-06:00,1.0,0.0,0.0,13.605863,0.0762548285657669,0.0,0.0,1.039214331572755
2026-05-10 07:00:00-06:00,76.0,62.0,59.53339237151736,51.91522,5.871898873148568,4.781621744757936,4.58993285946874,3.9986595748179603
2026-05-10 08:00:00-06:00,256.0,238.0,253.58274713022428,183.9959,20.345565758979006,18.87251601772141,20.1473735154748,14.491609398303051
2026-05-10 09:00:00-06:00,459.0,451.0,412.0803005937152,408.67105,37.6749092341226,36.982470475378996,33.6318989252476,33.33983057112515
2026-05-10 10:00:00-06:00,648.0,643.0,605.1966431500033,637.98486,54.829088413003845,54.37412800530473,50.950375372225345,53.91828858775956
2026-05-10 11:00:00-06:00,806.0,780.0,755.3263570943735,747.6911,70.01760542848908,67.55777234679192,65.23582896700682,64.51975126204066
2026-05-10 12:00:00-06:00,913.0,907.0,893.7171995866192,884.7816,80.76203234639209,80.17729432095463,78.88534233657556,78.01819223409927
2026-05-10 13:00:00-06:00,969.0,908.0,801.0541117150183,853.52124,86.6680235652847,80.66262988357552,70.31210066515109,75.36166153711854
2026-05-10 14:00:00-06:00,956.0,955.0,780.7106259778727,828.1386,85.60192189927047,85.50290545458998,68.54849268176848,73.10246924837064
2026-05-10 15:00:00-06:00,813.0,643.0,754.9297203001219,814.41034,71.99137047122787,55.85334493780069,66.41429895080607,72.12765177094359
2026-05-10 16:00:00-06:00,728.0,618.0,662.0056415423117,733.81354,63.92245287156794,53.589401626851846,57.69433986186206,64.47523792749871
2026-05-10 17:00:00-06:00,611.0,418.0,546.6150200934575,595.8668,52.89980919803823,35.38967173326353,46.97625532142754,51.50013027222419
2026-05-10 18:00:00-06:00,420.0,314.0,383.0569556878662,423.58118,35.38789561488974,26.126449709087655,32.13479255355613,35.704684007646435
2026-05-10 19:00:00-06:00,225.0,130.0,213.80445287327623,222.4389,18.426383618783177,10.523828943783652,17.485776051905074,18.210990601325886
2026-05-10 20:00:00-06:00,60.0,42.0,46.83657426283879,54.692455,4.760271217327959,3.324689472924385,3.709796597042495,4.336302078356696
2026-05-10 21:00:00-06:00,0.0,0.0,0.0,0.0,0.0,0.0,0.0,0.0
2026-05-10 22:00:00-06:00,0.0,0.0,0.0,0.0,0.0,0.0,0.0,0.0
2026-05-10 23:00:00-06:00,0.0,0.0,0.0,0.0,0.0,0.0,0.0,0.0
2026-05-11 00:00:00-06:00,0.0,0.0,0.0,0.0,0.0,0.0,0.0,0.0
2026-05-11 01:00:00-06:00,0.0,0.0,0.0,0.0,0.0,0.0,0.0,0.0
2026-05-11 02:00:00-06:00,0.0,0.0,0.0,0.0,0.0,0.0,0.0,0.0
2026-05-11 03:00:00-06:00,0.0,0.0,0.0,0.0,0.0,0.0,0.0,0.0
2026-05-11 04:00:00-06:00,0.0,0.0,0.0,0.0,0.0,0.0,0.0,0.0
2026-05-11 05:00:00-06:00,0.0,0.0,0.0,0.0,0.0,0.0,0.0,0.0
2026-05-11 06:00:00-06:00,1.0,0.0,0.004,17.08688,0.07576186580221571,0.0,0.00030300793740098794,1.2972609573244176
2026-05-11 07:00:00-06:00,88.0,68.0,76.08788442040414,74.52904,6.783489086731939,5.228294275905466,5.856250229833153,5.735117948034372
2026-05-11 08:00:00-06:00,277.0,243.0,270.1597133781923,291.76666,22.199696507721928,19.392855582304026,21.633159344060726,23.42589012827058
2026-05-11 09:00:00-06:00,480.0,447.0,457.48311230175307,482.2727,40.08227086000667,37.18026805365146,38.099805632431035,40.28292668296435
2026-05-11 10:00:00-06:00,667.0,638.0,641.7597954793506,681.23944,57.68040295569264,54.98899848112662,55.33699251527245,59.008031970964886
2026-05-11 11:00:00-06:00,817.0,799.0,790.890853096086,819.731,72.72704433086602,70.98204912328792,70.1980150726662,72.99236233581156
2026-05-11 12:00:00-06:00,923.0,905.0,877.5648354317253,885.48364,84.22554175210595,82.42139149620199,79.68391622688675,80.47251995585616
2026-05-11 13:00:00-06:00,957.0,923.0,764.3024876447807,805.7843,88.21704013138931,84.77154730901526,68.99284942800308,73.06899073820948
2026-05-11 14:00:00-06:00,827.0,904.0,702.476311864464,758.6609,75.41152089399672,83.12349843687386,63.18874780017588,68.66551959892955
2026-05-11 15:00:00-06:00,711.0,879.0,713.2255278786516,789.0951,64.01559120772177,80.60671214678219,64.23171667349416,71.65834507981312
2026-05-11 16:00:00-06:00,728.0,749.0,608.0400702205859,687.98267,65.64506195252126,67.6947190650852,54.104408444783274,61.76348626800026
2026-05-11 17:00:00-06:00,551.0,593.0,550.9550076870183,603.64984,48.662752228950616,52.61916855156877,48.65853270341057,53.62795064653645
2026-05-11 18:00:00-06:00,384.0,410.0,373.78124546309175,401.4399,33.20184567440626,35.55564662385858,32.28040550985082,34.779213760729135
2026-05-11 19:00:00-06:00,212.0,220.0,218.33481143509252,204.22603,17.794241134414822,18.48318313220595,18.33967618547828,17.125980790771916
2026-05-11 20:00:00-06:00,66.0,56.0,57.33090710233163,56.983852,5.38989060413476,4.567684676150903,4.676998179398862,4.648489596572635
2026-05-11 21:00:00-06:00,0.0,0.0,0.0,0.0,0.0,0.0,0.0,0.0
2026-05-11 22:00:00-06:00,0.0,0.0,0.0,0.0,0.0,0.0,0.0,0.0
2026-05-11 23:00:00-06:00,0.0,0.0,0.0,0.0,0.0,0.0,0.0,0.0
2026-05-12 00:00:00-06:00,0.0,0.0,0.0,0.0,0.0,0.0,0.0,0.0
2026-05-12 01:00:00-06:00,0.0,0.0,0.0,0.0,0.0,0.0,0.0,0.0
2026-05-12 02:00:00-06:00,0.0,0.0,0.0,0.0,0.0,0.0,0.0,0.0
2026-05-12 03:00:00-06:00,0.0,0.0,0.0,0.0,0.0,0.0,0.0,0.0
2026-05-12 04:00:00-06:00,0.0,0.0,0.0,0.0,0.0,0.0,0.0,0.0
2026-05-12 05:00:00-06:00,0.0,0.0,0.0,0.0,0.0,0.0,0.0,0.0
2026-05-12 06:00:00-06:00,1.0,1.0,1.2810683344433347,7.4686246,0.07783230940913075,0.07783230940913075,0.099712079261867,0.581779607347469
2026-05-12 07:00:00-06:00,90.0,76.0,78.66051396324696,73.504326,7.125785022443591,6.006773485256177,6.219127448705579,5.807704192017172
2026-05-12 08:00:00-06:00,281.0,256.0,270.6797923171525,268.81415,22.974693216918343,20.86718609118465,22.103193730337832,21.945873217237974
2026-05-12 09:00:00-06:00,485.0,459.0,430.765099102862,445.56412,40.8904532460077,38.579988868002594,36.08611462970207,37.39127917669797
2026-05-12 10:00:00-06:00,667.0,648.0,619.8081567647638,656.511,57.768084599236275,56.000367939201496,53.390662480130445,56.79132501494786
2026-05-12 11:00:00-06:00,808.0,806.0,757.31772818005,788.263,71.53509198465979,71.34203205322996,66.6672127227624,69.6333532418389
2026-05-12 12:00:00-06:00,883.0,913.0,774.8726531481866,845.4793,79.5285917689962,82.50232235846477,68.95871405480214,75.83451199348396
2026-05-12 13:00:00-06:00,809.0,969.0,800.3333230193634,872.093,72.53561396540019,88.41952026418213,71.68973719866966,78.73847698017515
2026-05-12 14:00:00-06:00,852.0,956.0,769.2137210757548,807.51025,76.86650168527072,87.23566622604761,68.76583341097637,72.49625977172484
2026-05-12 15:00:00-06:00,740.0,813.0,821.9398085893195,851.49475,65.98836023013193,73.08683232439134,73.96340093740662,76.87261779504611
2026-05-12 16:00:00-06:00,736.0,728.0,608.3637453142828,681.2579,65.77177484233832,64.99908354716375,53.59534196963966,60.50981510847953
2026-05-12 17:00:00-06:00,431.0,611.0,548.8559247037541,628.19714,37.19746090159546,53.823489960196234,48.01077596498643,55.44558039461673
2026-05-12 18:00:00-06:00,364.0,420.0,380.37858104434156,415.40628,31.161105743793026,36.1884671428969,32.62504331892701,35.773726305797005
2026-05-12 19:00:00-06:00,204.0,225.0,217.0233077061826,240.83711,17.066343280591806,18.87005010597926,18.183894977252997,20.23610030761518
2026-05-12 20:00:00-06:00,60.0,60.0,58.39893840109823,70.64017,4.89238523795968,4.89238523795968,4.760907439883265,5.767438812872321
2026-05-12 21:00:00-06:00,0.0,0.0,0.0,0.0,0.0,0.0,0.0,0.0
2026-05-12 22:00:00-06:00,0.0,0.0,0.0,0.0,0.0,0.0,0.0,0.0
2026-05-12 23:00:00-06:00,0.0,0.0,0.0,0.0,0.0,0.0,0.0,0.0
2026-05-13 00:00:00-06:00,0.0,0.0,0.0,0.0,0.0,0.0,0.0,0.0
2026-05-13 01:00:00-06:00,0.0,0.0,0.0,0.0,0.0,0.0,0.0,0.0
2026-05-13 02:00:00-06:00,0.0,0.0,0.0,0.0,0.0,0.0,0.0,0.0
2026-05-13 03:00:00-06:00,0.0,0.0,0.0,0.0,0.0,0.0,0.0,0.0
2026-05-13 04:00:00-06:00,0.0,0.0,0.0,0.0,0.0,0.0,0.0,0.0
2026-05-13 05:00:00-06:00,0.0,0.0,0.0,0.0,0.0,0.0,0.0,0.0
2026-05-13 06:00:00-06:00,1.0,1.0,1.1307247058497056,12.218656,0.07694497643473859,0.07694497643473859,0.08700505232522805,0.9415241246739319
2026-05-13 07:00:00-06:00,56.0,88.0,72.20420904772963,73.239265,4.370762484204318,6.896278967032453,5.64709799451973,5.728801941970328
2026-05-13 08:00:00-06:00,161.0,277.0,257.4935780606946,209.4191,12.876519563747188,22.472797878729295,20.840425134441418,16.849599861748068
2026-05-13 09:00:00-06:00,294.0,480.0,409.9845231538952,430.5205,24.152794525063005,40.31889298651125,34.15296558471423,35.95139034012455
2026-05-13 10:00:00-06:00,470.0,667.0,623.6565040375352,626.42487,39.88022553881959,57.89960706455174,53.868948487885035,54.12527341470714
2026-05-13 11:00:00-06:00,640.0,817.0,748.5607827808317,784.8695,55.973333802086714,72.88814456199455,66.27411366491732,69.77144904396431
2026-05-13 12:00:00-06:00,855.0,923.0,927.2607359931737,926.1226,77.47169374925268,84.25587539415648,84.68401240723132,84.56961433848743
2026-05-13 13:00:00-06:00,995.0,957.0,772.3301651103441,865.9803,92.16042900664885,88.27994218001844,69.82977536234206,79.10169147390596
2026-05-13 14:00:00-06:00,951.0,827.0,889.1466702198763,919.5268,88.23242201951292,75.7104863779984,81.9481288138518,85.02526073618635
2026-05-13 15:00:00-06:00,907.0,711.0,824.645288732101,860.3892,84.08211809941216,64.52965277755297,75.77376580744507,79.3632621035845
2026-05-13 16:00:00-06:00,822.0,728.0,688.9759908027384,771.7023,75.32002618908236,66.02786397051088,62.221733712542175,70.3261474222769
2026-05-13 17:00:00-06:00,666.0,551.0,564.9660419608051,619.7139,59.86362296999714,48.898158380638435,50.21584737707005,55.41860550347969
2026-05-13 18:00:00-06:00,479.0,384.0,410.7405023852119,442.66705,42.27659582082098,33.52996168982593,35.97384629404128,38.910280112160706
2026-05-13 19:00:00-06:00,267.0,212.0,227.2183391058175,244.13895,22.92490246915046,18.08686383085881,19.419528605873026,20.906655656520044
2026-05-13 20:00:00-06:00,76.0,66.0,66.7082992807846,68.27825,6.341462337523205,5.500511448275649,5.560010645253849,5.691926689717034
2026-05-13 21:00:00-06:00,0.0,0.0,0.0,0.0,0.0,0.0,0.0,0.0
2026-05-13 22:00:00-06:00,0.0,0.0,0.0,0.0,0.0,0.0,0.0,0.0
2026-05-13 23:00:00-06:00,0.0,0.0,0.0,0.0,0.0,0.0,0.0,0.0
2026-05-14 00:00:00-06:00,0.0,0.0,0.0,0.0,0.0,0.0,0.0,0.0
2026-05-14 01:00:00-06:00,0.0,0.0,0.0,0.0,0.0,0.0,0.0,0.0
2026-05-14 02:00:00-06:00,0.0,0.0,0.0,0.0,0.0,0.0,0.0,0.0
2026-05-14 03:00:00-06:00,0.0,0.0,0.0,0.0,0.0,0.0,0.0,0.0
2026-05-14 04:00:00-06:00,0.0,0.0,0.0,0.0,0.0,0.0,0.0,0.0
2026-05-14 05:00:00-06:00,0.0,0.0,0.0,0.0,0.0,0.0,0.0,0.0
2026-05-14 06:00:00-06:00,2.0,1.0,1.3299361749361753,9.246182,0.15732767030312844,0.07865391401504943,0.10460903888464991,0.7280048828086573
2026-05-14 07:00:00-06:00,99.0,90.0,97.13280552875158,93.90384,7.931795667548018,7.202687213557577,7.7803982818354775,7.5187478476022696
2026-05-14 08:00:00-06:00,296.0,281.0,281.3453380978562,307.75552,24.585623122960133,23.297912468886746,23.327508629727234,25.59792444293388
2026-05-14 09:00:00-06:00,505.0,485.0,494.88261343630637,501.71884,43.52327804739189,41.70334884310363,42.60163970653279,43.22415999783368
2026-05-14 10:00:00-06:00,698.0,667.0,674.8629599980237,682.7495,62.066922884691564,59.10522966327679,59.8546400874749,60.60753131168727
2026-05-14 11:00:00-06:00,856.0,808.0,803.0685021900791,816.848,77.93650905242366,73.18145615818385,72.69551395185506,74.05453627734764
2026-05-14 12:00:00-06:00,963.0,883.0,920.8150350552228,914.1892,89.1122832340576,81.0085645777296,84.82326818685792,84.15281812154866
2026-05-14 13:00:00-06:00,1013.0,809.0,812.5193798440621,899.27985,94.5,74.1574285932994,74.50840460453647,83.23844598127803
2026-05-14 14:00:00-06:00,981.0,852.0,754.466527299538,870.07825,91.72687517021345,78.5745190684229,68.84957556035096,80.39781475961422
2026-05-14 15:00:00-06:00,837.0,740.0,724.722570157687,792.1009,76.9565757017039,67.32593252856752,65.82613102460734,72.47556016972428
2026-05-14 16:00:00-06:00,669.0,736.0,636.4853346174918,669.1536,60.285107485832945,66.81186054506287,57.14981824709177,60.29997091048204
2026-05-14 17:00:00-06:00,352.0,431.0,511.3235902398255,540.397,30.543069184011763,37.7357105110249,45.175824734612654,47.900352633348106
2026-05-14 18:00:00-06:00,290.0,364.0,343.1109834895069,393.36044,24.918227715109413,31.543907761782652,29.662577381676126,34.20283851969307
2026-05-14 19:00:00-06:00,116.0,204.0,182.91784200521693,208.83008,9.709859186057171,17.254063500952103,15.432702178398502,17.67259254471214
2026-05-14 20:00:00-06:00,29.0,60.0,60.87167521734803,54.779064,2.372888867458625,4.927878556935367,4.999996802589703,4.4962388372471604
2026-05-14 21:00:00-06:00,0.0,0.0,0.0,0.0,0.0,0.0,0.0,0.0
2026-05-14 22:00:00-06:00,0.0,0.0,0.0,0.0,0.0,0.0,0.0,0.0
2026-05-14 23:00:00-06:00,0.0,0.0,0.0,0.0,0.0,0.0,0.0,0.0
2026-05-15 00:00:00-06:00,0.0,0.0,0.0,0.0,0.0,0.0,0.0,0.0
2026-05-15 01:00:00-06:00,0.0,0.0,0.0,0.0,0.0,0.0,0.0,0.0
2026-05-15 02:00:00-06:00,0.0,0.0,0.0,0.0,0.0,0.0,0.0,0.0
2026-05-15 03:00:00-06:00,0.0,0.0,0.0,0.0,0.0,0.0,0.0,0.0
2026-05-15 04:00:00-06:00,0.0,0.0,0.0,0.0,0.0,0.0,0.0,0.0
2026-05-15 05:00:00-06:00,0.0,0.0,0.0,0.0,0.0,0.0,0.0,0.0
2026-05-15 06:00:00-06:00,1.0,1.0,1.1317961344211342,13.078885,0.07678065551355487,0.07678065551355487,0.08690152900833814,1.0057726944832306
2026-05-15 07:00:00-06:00,62.0,56.0,83.72101438324452,70.642,4.857012183397032,4.3836452444251215,6.57665433128912,5.540073611829111
2026-05-15 08:00:00-06:00,181.0,161.0,270.9116536090717,255.21814,14.672608993966191,13.019380172624325,22.20287987962818,20.876962852780963
2026-05-15 09:00:00-06:00,461.0,294.0,439.3522058671866,441.3118,39.40870740665223,24.64556010350878,37.46377998724073,37.639455097432524
2026-05-15 10:00:00-06:00,642.0,470.0,625.6629873327241,638.9177,56.51966891626308,40.57530303542678,54.98000095599679,56.22877714986668
2026-05-15 11:00:00-06:00,801.0,640.0,795.3363095286534,807.8283,72.04431898524693,56.541226905697705,71.49021969982695,72.7132032833817
2026-05-15 12:00:00-06:00,882.0,855.0,780.0772930174643,822.5413,80.3573337071438,77.66838589190961,70.28254509164582,74.45495191279929
2026-05-15 13:00:00-06:00,803.0,995.0,781.0980794037182,862.8819,72.6359873696594,91.89883010012437,70.48510584665357,78.56528586513566
2026-05-15 14:00:00-06:00,856.0,951.0,724.5770182809167,787.9128,78.02090427754362,87.57609139612084,65.09748533509593,71.28279516814241
2026-05-15 15:00:00-06:00,622.0,907.0,712.4026054774896,783.5592,55.37140744203193,83.30711490674119,64.05813945914116,71.00958766645778
2026-05-15 16:00:00-06:00,725.0,822.0,626.3917969534376,720.39624,65.37679464898424,74.9148107974433,55.872008362931574,64.92874736329932
2026-05-15 17:00:00-06:00,621.0,666.0,507.4416008940362,552.9166,55.23540754406116,59.535309769472036,44.563154757929915,48.80619464339656
2026-05-15 18:00:00-06:00,248.0,479.0,381.9922130329345,440.16608,21.206042384638195,42.05620860132936,33.17128335401386,38.47700372115792
2026-05-15 19:00:00-06:00,233.0,267.0,229.33850733988223,230.7825,19.766226802355472,22.740632988135022,19.447278240748407,19.57303117694708
2026-05-15 20:00:00-06:00,69.0,76.0,67.90945792206594,66.61597,5.646009821703336,6.224071471429545,5.5560401348409725,5.449357752077386
2026-05-15 21:00:00-06:00,0.0,0.0,0.0,0.0,0.0,0.0,0.0,0.0
2026-05-15 22:00:00-06:00,0.0,0.0,0.0,0.0,0.0,0.0,0.0,0.0
2026-05-15 23:00:00-06:00,0.0,0.0,0.0,0.0,0.0,0.0,0.0,0.0
2026-05-16 00:00:00-06:00,0.0,0.0,0.0,0.0,0.0,0.0,0.0,0.0
2026-05-16 01:00:00-06:00,0.0,0.0,0.0,0.0,0.0,0.0,0.0,0.0
2026-05-16 02:00:00-06:00,0.0,0.0,0.0,0.0,0.0,0.0,0.0,0.0
2026-05-16 03:00:00-06:00,0.0,0.0,0.0,0.0,0.0,0.0,0.0,0.0
2026-05-16 04:00:00-06:00,0.0,0.0,0.0,0.0,0.0,0.0,0.0,0.0
2026-05-16 05:00:00-06:00,0.0,0.0,0.0,0.0,0.0,0.0,0.0,0.0
2026-05-16 06:00:00-06:00,2.0,2.0,3.259914828227328,3.158383,0.15640747314449951,0.15640747314449951,0.2549782687156773,0.24703364136371267
2026-05-16 07:00:00-06:00,94.0,99.0,105.68684888946069,78.452385,7.45239539296271,7.853710365801507,8.391192200778075,6.207666720417011
2026-05-16 08:00:00-06:00,265.0,296.0,274.55281169577506,278.26614,21.641878030436125,24.264605771335592,22.44805261203629,22.761914415823004
2026-05-16 09:00:00-06:00,444.0,505.0,438.8780448501129,449.62692,37.54496410490165,43.00878924316562,37.089545980259985,38.04588142113348
2026-05-16 10:00:00-06:00,594.0,698.0,612.1165668465311,619.8866,51.48395204656514,61.21817246259335,53.16419499541635,53.886831363019944
2026-05-16 11:00:00-06:00,653.0,856.0,755.6078871445666,755.4922,57.45203642049485,77.03629331781069,67.24884951267384,67.23768507465742
2026-05-16 12:00:00-06:00,786.0,963.0,752.5720991475907,782.8993,70.2423980009209,87.75141022899815,67.00546441336903,69.94121330424893
2026-05-16 13:00:00-06:00,689.0,1013.0,832.5074473936432,833.2853,60.97867785115004,92.90993803633576,74.86482884251399,74.94120721520342
2026-05-16 14:00:00-06:00,753.0,981.0,727.4789191248866,785.9666,67.36846686614247,89.98592787445601,64.90098226423088,70.57494601195538
2026-05-16 15:00:00-06:00,717.0,837.0,699.2748258646004,696.82874,63.77376119314611,75.44367298036526,62.07422054356056,61.840171869750684
2026-05-16 16:00:00-06:00,573.0,669.0,565.9437885458528,592.9373,50.241184862067904,59.295731219385694,49.58287027657374,52.106591266568685
2026-05-16 17:00:00-06:00,265.0,352.0,428.05902970683854,421.41525,22.43439783330527,30.103477855661044,36.9311506132158,36.33017610839839
2026-05-16 18:00:00-06:00,266.0,290.0,241.30172829254087,210.40308,22.547920579670468,24.651370539107024,20.395204247823017,17.719102223926438
2026-05-16 19:00:00-06:00,118.0,116.0,154.65598641391284,91.53753,9.786540569793043,9.618365297142066,12.882913810192335,7.567796254385945
2026-05-16 20:00:00-06:00,33.0,29.0,53.89061862810393,29.364605,2.687394738642204,2.3604990700013717,4.399816721574389,2.3902828644292917
2026-05-16 21:00:00-06:00,0.0,0.0,0.0,0.0,0.0,0.0,0.0,0.0
2026-05-16 22:00:00-06:00,0.0,0.0,0.0,0.0,0.0,0.0,0.0,0.0
2026-05-16 23:00:00-06:00,0.0,0.0,0.0,0.0,0.0,0.0,0.0,0.0
2026-05-17 00:00:00-06:00,0.0,0.0,0.0,0.0,0.0,0.0,0.0,0.0
2026-05-17 01:00:00-06:00,0.0,0.0,0.0,0.0,0.0,0.0,0.0,0.0
2026-05-17 02:00:00-06:00,0.0,0.0,0.0,0.0,0.0,0.0,0.0,0.0
2026-05-17 03:00:00-06:00,0.0,0.0,0.0,0.0,0.0,0.0,0.0,0.0
2026-05-17 04:00:00-06:00,0.0,0.0,0.0,0.0,0.0,0.0,0.0,0.0
2026-05-17 05:00:00-06:00,0.0,0.0,0.0,0.0,0.0,0.0,0.0,0.0
2026-05-17 06:00:00-06:00,0.0,1.0,1.5486623376623376,9.636304,0.0,0.07750366756676329,0.1200354409086051,0.7476745514765272
2026-05-17 07:00:00-06:00,9.0,62.0,60.63079978354981,41.67561,0.7020924394856343,4.869237659933102,4.760882416606604,3.264635965432981
2026-05-17 08:00:00-06:00,39.0,181.0,87.14292693417694,70.452225,3.0834874740870886,14.56553748172287,6.931471622969174,5.592203334478043
2026-05-17 09:00:00-06:00,62.0,461.0,143.73930161724246,101.664635,4.958891154530947,38.69663912679464,11.613138331206004,8.1713594343169
2026-05-17 10:00:00-06:00,126.0,642.0,167.93592295204797,185.75385,10.203300344060668,55.27483934574359,13.669081670151913,15.152201249471428
2026-05-17 11:00:00-06:00,103.0,801.0,230.56070292207795,243.71475,8.337600031853555,70.38589365610801,18.955114799423068,20.068355769759275
2026-05-17 12:00:00-06:00,230.0,882.0,242.98269132256638,304.95154,18.91529697867377,78.24134034087665,20.01429589960087,25.30610639202362
2026-05-17 13:00:00-06:00,261.0,803.0,303.6780267579642,363.64026,21.519289308996257,70.5247921742908,25.166648028288417,30.352213244867656
2026-05-17 14:00:00-06:00,276.0,856.0,312.9706258255633,385.08505,22.887808727545785,75.91102364954448,26.06846071069039,32.35064518397611
2026-05-17 15:00:00-06:00,268.0,622.0,280.8880663572538,387.7302,22.220738267882993,53.75652715700667,23.325244669854083,32.608521128501124
2026-05-17 16:00:00-06:00,481.0,725.0,267.0376898448773,319.96982,40.94512361590453,63.47067196325294,22.16472851362812,26.726245291392274
2026-05-17 17:00:00-06:00,179.0,621.0,193.14963433135506,274.1891,14.45398475011207,52.868003168382884,15.623661188158787,22.399302229509733
2026-05-17 18:00:00-06:00,68.0,248.0,243.20014319708065,203.16699,5.326623915141811,19.86939028336124,19.473251712671654,16.187068995617096
2026-05-17 19:00:00-06:00,135.0,233.0,140.2764391580641,95.78097,10.642468481065714,18.59465149849969,11.065769765477713,7.513442469385565
2026-05-17 20:00:00-06:00,20.0,69.0,58.236997738372764,15.725217,1.5433268442551296,5.358020975236725,4.516028562595036,1.212790548450282
2026-05-17 21:00:00-06:00,0.0,0.0,0.0,0.0,0.0,0.0,0.0,0.0
2026-05-17 22:00:00-06:00,0.0,0.0,0.0,0.0,0.0,0.0,0.0,0.0
2026-05-17 23:00:00-06:00,0.0,0.0,0.0,0.0,0.0,0.0,0.0,0.0
2026-05-18 00:00:00-06:00,0.0,0.0,0.0,0.0,0.0,0.0,0.0,0.0
2026-05-18 01:00:00-06:00,0.0,0.0,0.0,0.0,0.0,0.0,0.0,0.0
2026-05-18 02:00:00-06:00,0.0,0.0,0.0,0.0,0.0,0.0,0.0,0.0
2026-05-18 03:00:00-06:00,0.0,0.0,0.0,0.0,0.0,0.0,0.0,0.0
2026-05-18 04:00:00-06:00,0.0,0.0,0.0,0.0,0.0,0.0,0.0,0.0
2026-05-18 05:00:00-06:00,0.0,0.0,0.0,0.0,0.0,0.0,0.0,0.0
2026-05-18 06:00:00-06:00,2.0,2.0,3.162031968031968,17.134045,0.15121493203509356,0.15121493203509356,0.2391096786170928,1.298034322489316
2026-05-18 07:00:00-06:00,30.0,94.0,80.68502790265288,47.57005,2.2726140330904228,7.180542860956343,6.152770270606463,3.6119042184280863
2026-05-18 08:00:00-06:00,111.0,265.0,181.80366187254774,136.80566,8.494224936388823,20.68388705993496,14.040151717525688,10.50401693332336
2026-05-18 09:00:00-06:00,142.0,444.0,266.4386213647463,241.98189,10.896158655112856,35.39998452813767,20.773708866296314,18.80815006106682
2026-05-18 10:00:00-06:00,182.0,594.0,426.47304741786,361.82474,14.055668839762813,48.301976000394866,33.970454770782354,28.588863574152562
2026-05-18 11:00:00-06:00,266.0,653.0,478.4316090367967,441.7353,20.790804105268574,53.54625958069446,38.402978367767794,35.29659842694161
2026-05-18 12:00:00-06:00,341.0,786.0,472.0035823808544,469.74997,26.94022605878216,65.56694196629591,37.903445232177084,37.71196982143513
2026-05-18 13:00:00-06:00,341.0,689.0,400.55313437746895,503.78098,27.018672866555278,56.970791990926074,31.973945482200353,40.729995151645404
2026-05-18 14:00:00-06:00,411.0,753.0,605.8694895183322,542.33325,32.93150217631077,62.88930860396356,49.716824048992244,44.161266362577834
2026-05-18 15:00:00-06:00,444.0,717.0,548.4812306859809,469.3686,35.77936867096667,59.720818536333574,44.767441854851825,37.941808539935046
2026-05-18 16:00:00-06:00,454.0,573.0,496.890795623709,448.144,36.675013286407776,46.9645599652958,40.35125582219287,36.17591879592938
2026-05-18 17:00:00-06:00,316.0,265.0,447.29908259416123,443.3666,24.96983985105827,20.805813183453292,35.92756179674932,35.594403239281256
2026-05-18 18:00:00-06:00,227.0,266.0,263.93417362468443,266.80215,17.759138871337253,20.913190327366216,20.745363536231228,20.978379820091476
2026-05-18 19:00:00-06:00,119.0,118.0,214.67694610155647,151.53813,9.20190468449452,9.123407060263972,16.804085728801642,11.76689734119582
2026-05-18 20:00:00-06:00,48.0,33.0,59.74198497341322,21.182644,3.6573741616403717,2.5095337735529317,4.559017743968829,1.608381975174828
2026-05-18 21:00:00-06:00,0.0,0.0,0.0,0.0,0.0,0.0,0.0,0.0
2026-05-18 22:00:00-06:00,0.0,0.0,0.0,0.0,0.0,0.0,0.0,0.0
2026-05-18 23:00:00-06:00,0.0,0.0,0.0,0.0,0.0,0.0,0.0,0.0
2026-05-19 00:00:00-06:00,0.0,0.0,0.0,0.0,0.0,0.0,0.0,0.0
2026-05-19 01:00:00-06:00,0.0,0.0,0.0,0.0,0.0,0.0,0.0,0.0
2026-05-19 02:00:00-06:00,0.0,0.0,0.0,0.0,0.0,0.0,0.0,0.0
2026-05-19 03:00:00-06:00,0.0,0.0,0.0,0.0,0.0,0.0,0.0,0.0
2026-05-19 04:00:00-06:00,0.0,0.0,0.0,0.0,0.0,0.0,0.0,0.0
2026-05-19 05:00:00-06:00,0.0,0.0,0.0,0.0,0.0,0.0,0.0,0.0
2026-05-19 06:00:00-06:00,2.0,0.0,0.4540901043401042,22.352032,0.15003182140257068,0.0,0.03405701825443389,1.6812712314328506
2026-05-19 07:00:00-06:00,54.0,9.0,77.06889534211112,44.340816,4.08404172704931,0.6766555608863924,5.846390295475488,3.349264608468865
2026-05-19 08:00:00-06:00,202.0,39.0,130.94625281662783,121.28695,15.620413529015652,2.9527537491933105,10.033605499742873,9.281849422077896
2026-05-19 09:00:00-06:00,390.0,62.0,282.94274281937857,200.40556,30.962544060557615,4.720494362077586,22.16262463560594,15.5334645406338
2026-05-19 10:00:00-06:00,346.0,126.0,301.3452829878454,354.94934,27.397891633337917,9.70225299118723,23.728419485338133,28.138057236073152
2026-05-19 11:00:00-06:00,325.0,103.0,537.2907130439007,540.3902,25.774110659497623,7.941553747616522,43.741439262705306,44.01038900817754
2026-05-19 12:00:00-06:00,487.0,230.0,498.38964151126675,531.7361,39.58028509046338,18.106509404607436,40.56228036505278,43.45215344692959
2026-05-19 13:00:00-06:00,448.0,261.0,610.3779383394384,605.3502,36.266715547675204,20.644378996245592,50.394916788959264,49.94961564325214
2026-05-19 14:00:00-06:00,669.0,276.0,641.3183036486462,649.7983,55.755962799429945,21.926334153515523,53.272780303616855,54.03185976705506
2026-05-19 15:00:00-06:00,656.0,268.0,692.9253269615863,666.7615,54.738818478866335,21.331170528962737,58.0738374865533,55.70797915227345
2026-05-19 16:00:00-06:00,688.0,481.0,583.9463335884844,604.99554,57.740481281412286,39.38016402673489,48.404939348709966,50.27610959719442
2026-05-19 17:00:00-06:00,574.0,179.0,494.15331316008917,543.21173,47.542682366040964,14.124554167322923,40.53776963894307,44.826656711611086
2026-05-19 18:00:00-06:00,307.0,68.0,353.55044710412903,378.77258,24.67519082666595,5.304276269860823,28.579974378002873,30.713638499657613
2026-05-19 19:00:00-06:00,206.0,135.0,115.53125403635936,174.95262,16.323794916198175,10.602538497218067,9.051200219839778,13.80965731896483
2026-05-19 20:00:00-06:00,84.0,20.0,32.39316571187136,27.256435,6.532548184299205,1.5426695605703948,2.502580414365437,2.104345908266265
2026-05-19 21:00:00-06:00,1.0,0.0,0.0,0.0,0.0,0.0,0.0,0.0
2026-05-19 22:00:00-06:00,0.0,0.0,0.0,0.0,0.0,0.0,0.0,0.0
2026-05-19 23:00:00-06:00,0.0,0.0,0.0,0.0,0.0,0.0,0.0,0.0
2026-05-20 00:00:00-06:00,0.0,0.0,0.0,0.0,0.0,0.0,0.0,0.0
2026-05-20 01:00:00-06:00,0.0,0.0,0.0,0.0,0.0,0.0,0.0,0.0
2026-05-20 02:00:00-06:00,0.0,0.0,0.0,0.0,0.0,0.0,0.0,0.0
2026-05-20 03:00:00-06:00,0.0,0.0,0.0,0.0,0.0,0.0,0.0,0.0
2026-05-20 04:00:00-06:00,0.0,0.0,0.0,0.0,0.0,0.0,0.0,0.0
2026-05-20 05:00:00-06:00,0.0,0.0,0.0,0.0,0.0,0.0,0.0,0.0
2026-05-20 06:00:00-06:00,3.0,2.0,3.164531968031968,19.694439,0.2280352720947076,0.15200367245677546,0.24054680173266108,1.500270860458571
2026-05-20 07:00:00-06:00,54.0,30.0,27.8514990955467,41.923992,4.142605703359193,2.2943043946866757,2.1294002218506574,3.2111729045261677
2026-05-20 08:00:00-06:00,160.0,111.0,139.8508462093462,125.49486,12.500490708760049,8.618254367698306,10.898319738284401,9.761709965535111
2026-05-20 09:00:00-06:00,256.0,142.0,261.5091205111314,226.34549,20.353978990143613,11.129494363193757,20.8062898937863,17.929623861178793
2026-05-20 10:00:00-06:00,393.0,182.0,238.57946341852585,334.45752,31.884026965421157,14.384639323972648,18.99040336751886,26.9402293316626
2026-05-20 11:00:00-06:00,686.0,266.0,530.1890032259411,552.8607,57.78446754969489,21.2978327396731,43.840318953758725,45.839354357516434
2026-05-20 12:00:00-06:00,809.0,341.0,580.6149456862585,642.21875,69.34515895969683,27.646247328740188,48.45306718295292,53.986495321618044
2026-05-20 13:00:00-06:00,767.0,341.0,684.6068017260518,623.4571,65.42543996701131,27.646247328740188,57.8376426427217,52.29329559356246
2026-05-20 14:00:00-06:00,725.0,411.0,706.7710971884397,660.722,61.73133501252314,33.71491860014634,60.05138409296023,55.83692648151643
2026-05-20 15:00:00-06:00,639.0,444.0,698.109238393495,632.411,54.052517267514546,36.69864563243694,59.461914939610445,53.4538188735474
2026-05-20 16:00:00-06:00,529.0,454.0,498.23432656967185,537.2401,44.34424268925956,37.719437061451586,41.61318627290179,45.07890290650874
2026-05-20 17:00:00-06:00,402.0,316.0,383.008398402449,417.17004,33.16533487425542,25.800646428563226,31.526346141442705,34.47966192908322
2026-05-20 18:00:00-06:00,403.0,227.0,348.33126764735715,376.7002,33.23858965904401,18.32611177778961,28.540701462549364,30.971147157809302
2026-05-20 19:00:00-06:00,250.0,119.0,116.86361295663507,113.52579,20.1249643766839,9.42482244617237,9.25314321980357,8.985098139839137
2026-05-20 20:00:00-06:00,64.0,48.0,39.53145322712418,16.340374,5.002340054491662,3.7441356080253825,3.0802436965152884,1.2694628328990114
2026-05-20 21:00:00-06:00,1.0,0.0,0.0,0.0,0.0,0.0,0.0,0.0
2026-05-20 22:00:00-06:00,0.0,0.0,0.0,0.0,0.0,0.0,0.0,0.0
2026-05-20 23:00:00-06:00,0.0,0.0,0.0,0.0,0.0,0.0,0.0,0.0
2026-05-21 00:00:00-06:00,0.0,0.0,0.0,0.0,0.0,0.0,0.0,0.0
2026-05-21 01:00:00-06:00,0.0,0.0,0.0,0.0,0.0,0.0,0.0,0.0
2026-05-21 02:00:00-06:00,0.0,0.0,0.0,0.0,0.0,0.0,0.0,0.0
2026-05-21 03:00:00-06:00,0.0,0.0,0.0,0.0,0.0,0.0,0.0,0.0
2026-05-21 04:00:00-06:00,0.0,0.0,0.0,0.0,0.0,0.0,0.0,0.0
2026-05-21 05:00:00-06:00,0.0,0.0,0.0,0.0,0.0,0.0,0.0,0.0
2026-05-21 06:00:00-06:00,4.0,2.0,3.3390279997779997,10.134,0.3032979735839874,0.15160930224593452,0.25315821053008597,0.7690221199928291
2026-05-21 07:00:00-06:00,111.0,54.0,59.17336538461535,55.851376,8.552591727593287,4.130183041717702,4.528904338817852,4.272811128474872
2026-05-21 08:00:00-06:00,306.0,202.0,283.96450885523876,268.89914,24.249860771674207,15.799654789842869,22.44151462826373,21.21071795046568
2026-05-21 09:00:00-06:00,509.0,390.0,469.286174465319,459.36444,41.59649815797391,31.411140175389207,38.16610319326232,37.3139710262024
2026-05-21 10:00:00-06:00,694.0,346.0,613.7754696510551,609.39954,58.330959090430035,27.88684496641223,51.09954210260757,50.708769529306025
2026-05-21 11:00:00-06:00,831.0,325.0,747.8006429159924,695.3564,71.63079515574131,26.38291967248335,63.8418925129247,59.00277670603039
2026-05-21 12:00:00-06:00,909.0,487.0,786.613341705325,827.86456,79.71490967064189,40.66861541564747,68.02707332907899,71.93332937878779
2026-05-21 13:00:00-06:00,1018.0,448.0,800.5923551605779,858.8272,91.04366715852154,37.532906837948566,69.87324037459243,75.45199201266873
2026-05-21 14:00:00-06:00,1008.0,669.0,755.8532702144503,819.7985,89.71805254815031,57.29499254723679,65.38465054702795,71.43628573720328
2026-05-21 15:00:00-06:00,910.0,656.0,724.0187821083605,770.1897,80.20041637454578,56.16170619958052,62.473539434499,66.81029674823053
2026-05-21 16:00:00-06:00,782.0,688.0,616.5856084240547,674.6109,67.87501302196621,59.07450424795031,52.50571317216865,57.83524924189094
2026-05-21 17:00:00-06:00,639.0,574.0,484.7977635281539,542.2863,53.989516626332694,48.12746766034964,40.21919813645273,45.297786954654825
2026-05-21 18:00:00-06:00,363.0,307.0,348.0491968520548,356.13107,29.866997351204244,25.088852313653877,28.585245961766848,29.277564733556623
2026-05-21 19:00:00-06:00,99.0,206.0,173.55203382728382,138.69255,7.8341890403648815,16.520125552828496,13.862097914109128,11.029804951055093
2026-05-21 20:00:00-06:00,19.0,84.0,57.78496756021755,33.676388,1.4778359709580573,6.587760013816939,4.516798482552325,2.6242812488165836
2026-05-21 21:00:00-06:00,0.0,1.0,1.11716206016206,0.0,0.0,0.0,0.0,0.0
2026-05-21 22:00:00-06:00,0.0,0.0,0.0,0.0,0.0,0.0,0.0,0.0
2026-05-21 23:00:00-06:00,0.0,0.0,0.0,0.0,0.0,0.0,0.0,0.0
2026-05-22 00:00:00-06:00,0.0,0.0,0.0,0.0,0.0,0.0,0.0,0.0
2026-05-22 01:00:00-06:00,0.0,0.0,0.0,0.0,0.0,0.0,0.0,0.0
2026-05-22 02:00:00-06:00,0.0,0.0,0.0,0.0,0.0,0.0,0.0,0.0
2026-05-22 03:00:00-06:00,0.0,0.0,0.0,0.0,0.0,0.0,0.0,0.0
2026-05-22 04:00:00-06:00,0.0,0.0,0.0,0.0,0.0,0.0,0.0,0.0
2026-05-22 05:00:00-06:00,0.0,0.0,0.0,0.0,0.0,0.0,0.0,0.0
2026-05-22 06:00:00-06:00,4.0,3.0,3.7729400460650453,20.654827,0.30211486295146456,0.22655638380405402,0.2849568169603816,1.5634454625101697
2026-05-22 07:00:00-06:00,110.0,54.0,65.9429246170496,68.983345,8.492525327982605,4.139056371461623,5.062285298971845,5.297772161764935
2026-05-22 08:00:00-06:00,304.0,160.0,288.53547140523364,294.16583,24.255175002771626,12.537298595105206,22.977041616681074,23.441838025060363
2026-05-22 09:00:00-06:00,507.0,256.0,479.7992156458204,471.96033,41.77289909449583,20.4549377641189,39.402283839755846,38.72183048734165
2026-05-22 10:00:00-06:00,675.0,393.0,633.550650127898,647.136,57.116979881649414,32.15525507792702,53.349097590774164,54.58029378660891
2026-05-22 11:00:00-06:00,801.0,686.0,759.8617034784965,760.91534,69.22762834686809,58.50590212205994,65.3620603334663,65.46064687437813
2026-05-22 12:00:00-06:00,813.0,809.0,793.5255596224395,837.59644,70.97606436341783,70.59475383693065,69.1226018797405,73.32776254403771
2026-05-22 13:00:00-06:00,926.0,767.0,805.6391430834394,860.75195,82.15314419397197,66.83702240834806,70.51290680277671,75.80725383353618
2026-05-22 14:00:00-06:00,878.0,725.0,753.5781467126969,807.708,77.6496780225014,63.01796782539176,65.71567876237657,70.86982908621529
2026-05-22 15:00:00-06:00,833.0,639.0,737.82872284131,795.4774,73.43489645076507,55.10252795387861,64.34820576308779,69.83088317223432
2026-05-22 16:00:00-06:00,766.0,529.0,627.2638563741732,670.5542,67.01919559659676,45.03964882770912,54.01745565395099,58.03344283631673
2026-05-22 17:00:00-06:00,630.0,402.0,541.7105508231414,558.5144,54.332296475034774,33.75984796709817,46.24355928401011,47.77114561905692
2026-05-22 18:00:00-06:00,467.0,403.0,396.84897285968674,426.80502,39.5350335252707,33.861070172672235,33.320027673994225,35.96202766540123
2026-05-22 19:00:00-06:00,262.0,250.0,248.04311916971278,246.94759,21.423519289418216,20.412525988755434,20.247930836897158,20.15581765687426
2026-05-22 20:00:00-06:00,92.0,64.0,90.30013328926174,65.88344,7.282937784889056,5.048612825897001,7.14684943559329,5.198418129351669
2026-05-22 21:00:00-06:00,2.0,1.0,1.2819043734043734,0.0,0.0,0.0,0.0,0.0
2026-05-22 22:00:00-06:00,0.0,0.0,0.0,0.0,0.0,0.0,0.0,0.0
2026-05-22 23:00:00-06:00,0.0,0.0,0.0,0.0,0.0,0.0,0.0,0.0
2026-05-23 00:00:00-06:00,0.0,0.0,0.0,0.0,0.0,0.0,0.0,0.0
2026-05-23 01:00:00-06:00,0.0,0.0,0.0,0.0,0.0,0.0,0.0,0.0
2026-05-23 02:00:00-06:00,0.0,0.0,0.0,0.0,0.0,0.0,0.0,0.0
2026-05-23 03:00:00-06:00,0.0,0.0,0.0,0.0,0.0,0.0,0.0,0.0
2026-05-23 04:00:00-06:00,0.0,0.0,0.0,0.0,0.0,0.0,0.0,0.0
2026-05-23 05:00:00-06:00,0.0,0.0,0.0,0.0,0.0,0.0,0.0,0.0
2026-05-23 06:00:00-06:00,5.0,4.0,4.731232815795318,11.317029,0.37933639358374205,0.3034294303209344,0.35893314299136997,0.8593014553907514
2026-05-23 07:00:00-06:00,112.0,111.0,109.26081589357767,91.00287,8.656518791248814,8.578127198745237,8.441837050739162,7.014685937445142
2026-05-23 08:00:00-06:00,304.0,306.0,292.921423278365,308.06317,24.345091410843366,24.51132822146176,23.42569527411235,24.68289890608074
2026-05-23 09:00:00-06:00,504.0,509.0,488.2273883202886,495.7373,41.84199239547296,42.282340818810574,40.45615400313223,41.11538663859797
2026-05-23 10:00:00-06:00,676.0,694.0,640.8340515367476,669.6555,57.76370903150725,59.42573079572454,54.535226134522986,57.17942650065498
2026-05-23 11:00:00-06:00,724.0,831.0,763.8469582128783,799.4619,62.82868891007386,72.99630201077812,66.58857564478296,69.9758020851098
2026-05-23 12:00:00-06:00,808.0,909.0,781.8656998634272,849.7262,71.40232068034332,81.23846038767323,68.89012958507722,75.44139388039672
2026-05-23 13:00:00-06:00,778.0,1018.0,789.7657746709579,877.5215,68.69866343855728,92.31498526153585,69.82978969482924,78.35300720957004
2026-05-23 14:00:00-06:00,853.0,1008.0,741.8435657006387,862.52246,76.01205624217535,91.37440743368234,65.28864286860441,76.94210205754692
2026-05-23 15:00:00-06:00,668.0,910.0,793.4919904452469,831.94244,58.4321058927396,81.78545598028407,70.3972093415463,74.12582863682388
2026-05-23 16:00:00-06:00,673.0,782.0,713.0520508281874,763.59125,58.9913269631486,69.39130075428122,62.785400126120386,67.61832855495044
2026-05-23 17:00:00-06:00,520.0,639.0,555.4481973851704,581.29486,44.80798666826281,55.81653522060615,48.05787324023806,50.44321004493974
2026-05-23 18:00:00-06:00,370.0,363.0,374.0958757380456,379.67917,31.368462066503188,30.749795068171736,31.730910548278676,32.22551834629133
2026-05-23 19:00:00-06:00,239.0,99.0,243.2883977457531,237.4939,19.881019178981916,8.09772693375935,20.248096926345834,19.7521864968243
2026-05-23 20:00:00-06:00,89.0,19.0,60.465267205070425,46.352077,7.215371571185597,1.527165111497414,4.884897859149786,3.7382243541175786
2026-05-23 21:00:00-06:00,2.0,0.0,0.010416666666666664,0.0,0.0,0.0,0.0,0.0
2026-05-23 22:00:00-06:00,0.0,0.0,0.0,0.0,0.0,0.0,0.0,0.0
2026-05-23 23:00:00-06:00,0.0,0.0,0.0,0.0,0.0,0.0,0.0,0.0
2026-05-24 00:00:00-06:00,0.0,0.0,0.0,0.0,0.0,0.0,0.0,0.0
2026-05-24 01:00:00-06:00,0.0,0.0,0.0,0.0,0.0,0.0,0.0,0.0
2026-05-24 02:00:00-06:00,0.0,0.0,0.0,0.0,0.0,0.0,0.0,0.0
2026-05-24 03:00:00-06:00,0.0,0.0,0.0,0.0,0.0,0.0,0.0,0.0
2026-05-24 04:00:00-06:00,0.0,0.0,0.0,0.0,0.0,0.0,0.0,0.0
2026-05-24 05:00:00-06:00,0.0,0.0,0.0,0.0,0.0,0.0,0.0,0.0
2026-05-24 06:00:00-06:00,4.0,4.0,4.936658591408593,10.514249,0.30540128137513917,0.30540128137513917,0.37696133985687696,0.8034457904985637
2026-05-24 07:00:00-06:00,111.0,110.0,109.77909316763156,120.38249,8.672973234452487,8.593747015431786,8.576248078143996,9.417279059902572
2026-05-24 08:00:00-06:00,302.0,304.0,297.7010645322136,307.16016,24.566008331257493,24.734729179154233,24.203616964317256,25.001483083128598
2026-05-24 09:00:00-06:00,498.0,507.0,488.78291022120635,497.15796,42.09981454247297,42.905924710241905,41.27592596525883,42.024477004657925
2026-05-24 10:00:00-06:00,656.0,675.0,658.6114518146799,694.2674,57.30432815712373,59.091295749671964,57.54951301445209,60.91072707448242
2026-05-24 11:00:00-06:00,806.0,801.0,767.0951845160774,811.21936,72.37508482052785,71.88637371580514,68.58552832988056,72.88576587197991
2026-05-24 12:00:00-06:00,866.0,813.0,870.6589496874892,881.5126,78.76213702994137,73.51432963294295,79.22610913934943,80.30866234448936
2026-05-24 13:00:00-06:00,923.0,926.0,887.0202011816297,896.61035,84.40754360440906,84.70945190064306,80.80059126602451,81.75948699817707
2026-05-24 14:00:00-06:00,945.0,878.0,835.9574996024212,870.9366,86.62568481185505,79.90034881577076,75.72568308869397,79.19652638823395
2026-05-24 15:00:00-06:00,781.0,833.0,778.6437895604495,820.8944,70.44982842294971,75.57021395736344,70.21908549518767,74.37339774168754
2026-05-24 16:00:00-06:00,735.0,766.0,679.1966730799104,728.7152,66.013291438282,69.0331128066246,60.62534602435212,65.40339225321837
2026-05-24 17:00:00-06:00,616.0,630.0,533.7927086940839,573.7681,54.618410551826486,55.9472424884285,46.894042368492734,50.63346668434408
2026-05-24 18:00:00-06:00,437.0,467.0,383.3900762342309,413.51297,37.798750797739864,40.53262583777715,32.957792773240456,35.670860734784554
2026-05-24 19:00:00-06:00,238.0,262.0,211.76510531909946,200.79492,20.053589070821605,22.138183839830504,17.787950698727137,16.844617916449458
2026-05-24 20:00:00-06:00,91.0,92.0,91.97255312639271,56.201168,7.397264243999509,7.4794656066248,7.477209171384197,4.549112171369972
2026-05-24 21:00:00-06:00,2.0,2.0,3.222062694250194,0.0,0.0,0.0,0.0,0.0
2026-05-24 22:00:00-06:00,0.0,0.0,0.0,0.0,0.0,0.0,0.0,0.0
2026-05-24 23:00:00-06:00,0.0,0.0,0.0,0.0,0.0,0.0,0.0,0.0
2026-05-25 00:00:00-06:00,0.0,0.0,0.0,0.0,0.0,0.0,0.0,0.0
2026-05-25 01:00:00-06:00,0.0,0.0,0.0,0.0,0.0,0.0,0.0,0.0
2026-05-25 02:00:00-06:00,0.0,0.0,0.0,0.0,0.0,0.0,0.0,0.0
2026-05-25 03:00:00-06:00,0.0,0.0,0.0,0.0,0.0,0.0,0.0,0.0
2026-05-25 04:00:00-06:00,0.0,0.0,0.0,0.0,0.0,0.0,0.0,0.0
2026-05-25 05:00:00-06:00,0.0,0.0,0.0,0.0,0.0,0.0,0.0,0.0
2026-05-25 06:00:00-06:00,5.0,5.0,4.906563623876124,19.968517,0.3850876258251727,0.3850876258251727,0.37788683901556497,1.5408912026715003
2026-05-25 07:00:00-06:00,106.0,112.0,81.35110686114908,75.72172,8.346712632661164,8.825835068436534,6.385901380626628,5.9397763957993135
2026-05-25 08:00:00-06:00,238.0,304.0,252.5206691294816,204.9239,19.31835154107711,24.874599147265833,20.533366153764874,16.566333652589172
2026-05-25 09:00:00-06:00,457.0,504.0,382.95751040438995,427.9746,38.718213998690175,42.93518661992409,32.163828979932795,36.135866691226234
2026-05-25 10:00:00-06:00,623.0,676.0,522.3295114783192,597.11554,54.40194175292005,59.385490795222225,45.089454320880996,51.988303727106725
2026-05-25 11:00:00-06:00,732.0,724.0,696.8321007866566,694.876,65.19281779367643,64.42286475902996,61.81759298374241,61.630575222691206
2026-05-25 12:00:00-06:00,854.0,808.0,739.2793590399923,751.5656,77.76553511727579,73.20801041904713,66.47761634785269,67.67403418709563
2026-05-25 13:00:00-06:00,762.0,778.0,750.9103333415437,759.26886,68.99298207120991,70.56515191809905,67.90628506235807,68.72512609978673
2026-05-25 14:00:00-06:00,809.0,853.0,707.4635472016175,737.7745,73.73203459253894,78.11454242872121,63.76536221187044,66.71922050358796
2026-05-25 15:00:00-06:00,754.0,668.0,696.7846788221021,754.6449,68.23358160089067,59.88102204736928,62.66033087024839,68.29677020274562
2026-05-25 16:00:00-06:00,526.0,673.0,644.7734771165291,671.72003,46.44536634312847,60.40685310659375,57.69274680642167,60.283436251644
2026-05-25 17:00:00-06:00,331.0,520.0,452.7277350676612,489.7486,28.575789308129252,45.86752796805552,39.6314994552487,43.052161492850544
2026-05-25 18:00:00-06:00,326.0,370.0,263.05578828075517,290.46576,28.16010057903039,32.122366452894155,22.55866439782778,24.988228007913612
2026-05-25 19:00:00-06:00,209.0,239.0,222.50443038098794,195.22536,17.611770042308414,20.210909860350373,18.779556734921275,16.42434485809933
2026-05-25 20:00:00-06:00,56.0,89.0,62.76934897453176,44.32104,4.587929013640739,7.320668417480133,5.146739090291737,3.6259679856161355
2026-05-25 21:00:00-06:00,2.0,2.0,3.2149016955266956,0.0,0.0,0.0,0.0,0.0
2026-05-25 22:00:00-06:00,0.0,0.0,0.0,0.0,0.0,0.0,0.0,0.0
2026-05-25 23:00:00-06:00,0.0,0.0,0.0,0.0,0.0,0.0,0.0,0.0
2026-05-26 00:00:00-06:00,0.0,0.0,0.0,0.0,0.0,0.0,0.0,0.0
2026-05-26 01:00:00-06:00,0.0,0.0,0.0,0.0,0.0,0.0,0.0,0.0
2026-05-26 02:00:00-06:00,0.0,0.0,0.0,0.0,0.0,0.0,0.0,0.0
2026-05-26 03:00:00-06:00,0.0,0.0,0.0,0.0,0.0,0.0,0.0,0.0
2026-05-26 04:00:00-06:00,0.0,0.0,0.0,0.0,0.0,0.0,0.0,0.0
2026-05-26 05:00:00-06:00,0.0,0.0,0.0,0.0,0.0,0.0,0.0,0.0
2026-05-26 06:00:00-06:00,5.0,4.0,4.490292103729604,18.873241,0.3880454024064799,0.31039663737912465,0.3484647343872637,1.4673325939434563
2026-05-26 07:00:00-06:00,73.0,111.0,80.70910286757272,79.54383,5.769890362127555,8.815242288013366,6.385387602213226,6.292276261064669
2026-05-26 08:00:00-06:00,200.0,302.0,210.85684902567232,202.1354,16.23080942585638,24.814132922244937,17.134598535598464,16.408388676985176
2026-05-26 09:00:00-06:00,345.0,498.0,306.1869667691466,413.86044,28.777904702796896,42.29621090747176,25.422442712738118,34.804583250175895
2026-05-26 10:00:00-06:00,488.0,656.0,519.5197242214585,578.6341,41.73526641717164,57.196533632827204,44.593390316911815,50.00687779212743
2026-05-26 11:00:00-06:00,415.0,806.0,689.6697496755328,655.7022,35.464292970429206,72.00424536560041,60.815881110665785,57.5996144693315
2026-05-26 12:00:00-06:00,534.0,866.0,694.3627530700254,650.5181,46.492163867481004,78.24985012605897,61.55870074145,57.38868938076191
2026-05-26 13:00:00-06:00,384.0,923.0,601.7688035159283,621.3614,33.02516781994951,84.3165426782575,53.054077142139086,54.90220982085718
2026-05-26 14:00:00-06:00,436.0,945.0,604.5101733266732,594.37897,37.86554581257002,86.84308139058113,53.51087455587155,52.55432347116829
2026-05-26 15:00:00-06:00,553.0,781.0,347.97015839022083,463.90118,48.74131595199945,70.6038299902831,29.962208082173227,40.4780922871324
2026-05-26 16:00:00-06:00,136.0,735.0,229.49852136752136,286.7039,11.375202097696315,65.84420521038393,19.40841535460213,24.40892132872553
2026-05-26 17:00:00-06:00,362.0,616.0,332.24070511860845,330.69943,30.63769976811481,53.68717102729404,28.020943092022566,27.88589646898771
2026-05-26 18:00:00-06:00,240.0,437.0,242.1245196400821,220.55205,19.808836348074276,36.9226902385409,19.989290854924374,18.161109659820813
2026-05-26 19:00:00-06:00,178.0,238.0,143.69083497058497,172.46964,14.50601623992063,19.537358464830792,11.66109857231214,14.045859079375663
2026-05-26 20:00:00-06:00,54.0,91.0,51.604451246670024,35.582912,4.302325638749782,7.28361989490884,4.110239348136467,2.8284849478606886
2026-05-26 21:00:00-06:00,2.0,2.0,3.2017532883782884,0.0,0.0,0.0,0.0,0.0
2026-05-26 22:00:00-06:00,0.0,0.0,0.0,0.0,0.0,0.0,0.0,0.0
2026-05-26 23:00:00-06:00,0.0,0.0,0.0,0.0,0.0,0.0,0.0,0.0
2026-05-27 00:00:00-06:00,0.0,0.0,0.0,0.0,0.0,0.0,0.0,0.0
2026-05-27 01:00:00-06:00,0.0,0.0,0.0,0.0,0.0,0.0,0.0,0.0
2026-05-27 02:00:00-06:00,0.0,0.0,0.0,0.0,0.0,0.0,0.0,0.0
2026-05-27 03:00:00-06:00,0.0,0.0,0.0,0.0,0.0,0.0,0.0,0.0
2026-05-27 04:00:00-06:00,0.0,0.0,0.0,0.0,0.0,0.0,0.0,0.0
2026-05-27 05:00:00-06:00,0.0,0.0,0.0,0.0,0.0,0.0,0.0,0.0
2026-05-27 06:00:00-06:00,3.0,5.0,4.914755931568433,27.40443,0.23434519546816296,0.3906745371454196,0.3840098432518871,2.1473340174989413
2026-05-27 07:00:00-06:00,86.0,106.0,72.72963980635672,56.475384,6.825454833839972,8.433802720888545,5.76266732259359,4.465668765520564
2026-05-27 08:00:00-06:00,186.0,238.0,129.63661552336552,131.43727,15.062705388293868,19.396568299560567,10.425778260811752,10.572940630238323
2026-05-27 09:00:00-06:00,353.0,457.0,271.03946400821405,240.95953,29.357225154197735,38.47791108355108,22.320588304871308,19.77154298218384
2026-05-27 10:00:00-06:00,420.0,623.0,382.26277814546563,405.76324,35.49831927392521,53.91055647021222,32.16565883139133,34.23771950061146
2026-05-27 11:00:00-06:00,363.0,732.0,482.00491589456294,494.82922,30.582779283880587,64.35083739353097,41.178038908327274,42.33658703570048
2026-05-27 12:00:00-06:00,573.0,854.0,764.51189208708,622.1203,49.469106581794016,76.10964033032309,67.45558676204995,54.01301236838693
2026-05-27 13:00:00-06:00,605.0,762.0,738.4494043234545,642.1932,52.244906920429955,66.98958140013784,64.74664400868372,55.69370013677673
2026-05-27 14:00:00-06:00,654.0,809.0,760.3833327977585,708.4843,56.923204404592674,71.65823883883178,66.98519594626558,62.04840806845791
2026-05-27 15:00:00-06:00,705.0,754.0,733.7552358364013,609.4221,60.954299102806374,65.55738535012392,63.649805840437935,52.11275648146189
2026-05-27 16:00:00-06:00,713.0,526.0,619.9504863147783,604.06616,61.53854411178024,44.42283871683061,52.935192409674684,51.48369581808358
2026-05-27 17:00:00-06:00,469.0,331.0,458.9207176091442,472.9391,39.31290860747647,27.292180000210408,38.42214347955152,39.661576594561296
2026-05-27 18:00:00-06:00,353.0,326.0,340.07860036785263,384.07263,29.264416697913166,26.93873603605594,28.149610068142657,31.958801270463212
2026-05-27 19:00:00-06:00,171.0,209.0,219.72372044831093,201.37477,13.856242020652745,17.014200580331654,17.910570285067045,16.378214363157753
2026-05-27 20:00:00-06:00,66.0,56.0,78.17955110068556,42.819073,5.240227109120615,4.440697468260114,6.216698386674738,3.389874627827097
2026-05-27 21:00:00-06:00,3.0,2.0,3.2160306637806646,0.0,0.0,0.0,0.0,0.0
2026-05-27 22:00:00-06:00,0.0,0.0,0.0,0.0,0.0,0.0,0.0,0.0
2026-05-27 23:00:00-06:00,0.0,0.0,0.0,0.0,0.0,0.0,0.0,0.0
2026-05-28 00:00:00-06:00,0.0,0.0,0.0,0.0,0.0,0.0,0.0,0.0
2026-05-28 01:00:00-06:00,0.0,0.0,0.0,0.0,0.0,0.0,0.0,0.0
2026-05-28 02:00:00-06:00,0.0,0.0,0.0,0.0,0.0,0.0,0.0,0.0
2026-05-28 03:00:00-06:00,0.0,0.0,0.0,0.0,0.0,0.0,0.0,0.0
2026-05-28 04:00:00-06:00,0.0,0.0,0.0,0.0,0.0,0.0,0.0,0.0
2026-05-28 05:00:00-06:00,0.0,0.0,0.0,0.0,0.0,0.0,0.0,0.0
2026-05-28 06:00:00-06:00,2.0,5.0,4.825005945443447,19.505657,0.15575018945976457,0.3895242906971335,0.37588302681630065,1.5223925667189253
2026-05-28 07:00:00-06:00,33.0,73.0,64.1804757342331,50.22601,2.589788111459067,5.757894934881142,5.056636777333634,3.9502419457852866
2026-05-28 08:00:00-06:00,91.0,200.0,121.46086445498942,124.4406,7.226797720363505,16.099352688909395,9.682564473633947,9.923780297001562
2026-05-28 09:00:00-06:00,282.0,345.0,270.3494500288359,206.73082,23.087054551361366,28.46043668306993,22.101987018355885,16.770465508681728
2026-05-28 10:00:00-06:00,554.0,488.0,520.5854661241536,564.23596,47.06889654096245,41.14187070659295,44.05735465046947,47.99586288860425
2026-05-28 11:00:00-06:00,747.0,415.0,687.6062013589352,643.3258,65.06873160574573,34.78236114751671,59.489956988406846,55.37630801103836
2026-05-28 12:00:00-06:00,812.0,534.0,811.4462645743153,813.25726,71.97482138999625,45.86038278971378,71.92128103741402,72.09640801710455
2026-05-28 13:00:00-06:00,972.0,384.0,817.375122771756,846.9537,88.01942722732143,32.53299379681999,72.76347868536715,75.64512928030909
2026-05-28 14:00:00-06:00,887.0,436.0,718.6974588837243,794.129,79.95320791414579,37.34970957679005,63.58255443616104,70.85022126465626
2026-05-28 15:00:00-06:00,499.0,553.0,502.90671165639907,515.3182,42.861671315099215,47.796273470087556,43.216731003139735,44.34675059552956
2026-05-28 16:00:00-06:00,559.0,136.0,673.0927333646281,719.0748,48.62370039239004,11.258994342235178,59.309763708371484,63.68952765621546
2026-05-28 17:00:00-06:00,632.0,362.0,520.0515201580821,590.6545,55.285816356654685,30.69718394158332,44.91523835152461,51.42672800301965
2026-05-28 18:00:00-06:00,466.0,240.0,410.2730901887075,432.46155,40.16554417943915,20.1479947293975,35.135492298106065,37.1308956509136
2026-05-28 19:00:00-06:00,267.0,178.0,227.9644610653957,248.96959,22.021104538455692,14.523565714303054,18.713322223925985,20.489491313804333
2026-05-28 20:00:00-06:00,101.0,54.0,60.75339015078489,52.872616,8.150465837772602,4.3324949598791145,4.878399382828663,4.241451985045035
2026-05-28 21:00:00-06:00,4.0,2.0,3.4649223623598626,0.0,0.0,0.0,0.0,0.0
2026-05-28 22:00:00-06:00,0.0,0.0,0.0,0.0,0.0,0.0,0.0,0.0
2026-05-28 23:00:00-06:00,0.0,0.0,0.0,0.0,0.0,0.0,0.0,0.0
2026-05-29 00:00:00-06:00,0.0,0.0,0.0,0.0,0.0,0.0,0.0,0.0
2026-05-29 01:00:00-06:00,0.0,0.0,0.0,0.0,0.0,0.0,0.0,0.0
2026-05-29 02:00:00-06:00,0.0,0.0,0.0,0.0,0.0,0.0,0.0,0.0
2026-05-29 03:00:00-06:00,0.0,0.0,0.0,0.0,0.0,0.0,0.0,0.0
2026-05-29 04:00:00-06:00,0.0,0.0,0.0,0.0,0.0,0.0,0.0,0.0
2026-05-29 05:00:00-06:00,0.0,0.0,0.0,0.0,0.0,0.0,0.0,0.0
2026-05-29 06:00:00-06:00,6.0,3.0,4.637591894216892,14.858182,0.4702492671315356,0.23503534333713463,0.3634080136064837,1.1658139808094015
2026-05-29 07:00:00-06:00,107.0,86.0,88.20131706767424,107.38023,8.503879055967792,6.816975874306891,6.993394308032839,8.534503402447308
2026-05-29 08:00:00-06:00,300.0,186.0,285.22531207151184,294.23337,24.486100149892085,14.971014314273345,23.238376378933243,23.9985921691206
2026-05-29 09:00:00-06:00,499.0,353.0,477.87778726563755,469.00125,42.07450837426067,29.252815640877593,40.19339066261503,39.40549937146638
2026-05-29 10:00:00-06:00,611.0,420.0,650.8585335317397,658.8641,52.67892901578306,35.41550152964861,56.372811281927085,57.11852489781443
2026-05-29 11:00:00-06:00,752.0,363.0,760.2729015784759,758.4167,66.4559818199979,30.678216874904106,67.24947789873542,67.07132074799941
2026-05-29 12:00:00-06:00,734.0,573.0,881.2902756085231,872.6633,65.38550447506832,50.128197796661965,79.79409760798505,78.9383031643901
2026-05-29 13:00:00-06:00,907.0,605.0,808.2600735819107,861.572,83.03884457081664,53.577056628466465,73.20709680420742,78.49145507432796
2026-05-29 14:00:00-06:00,904.0,654.0,767.6007412728986,831.54,82.70756932117361,58.21279499404261,69.18956450272628,75.48037081355254
2026-05-29 15:00:00-06:00,850.0,705.0,774.8291074116515,809.75616,75.32833923895305,61.46402260031832,68.08872371610474,71.43856017496188
2026-05-29 16:00:00-06:00,723.0,713.0,643.1116951019964,703.042,64.11286267309927,63.15536338367547,56.51895542269196,62.20385658971155
2026-05-29 17:00:00-06:00,563.0,469.0,466.3393644266957,482.53793,49.19750414020126,40.54597280003921,40.30364587925007,41.78116425807609
2026-05-29 18:00:00-06:00,333.0,353.0,369.1261089186681,379.64194,28.207871497011592,29.972081177083027,31.400352841783466,32.33450767461769
2026-05-29 19:00:00-06:00,220.0,171.0,188.561301740539,201.916,18.3675012036926,14.193428550921766,15.683913278613844,16.821466112541188
2026-05-29 20:00:00-06:00,98.0,66.0,61.38193069104097,44.294308,7.985973230330966,5.357355061740381,4.979684620576311,3.5859210364131093
2026-05-29 21:00:00-06:00,3.0,3.0,3.750975142912642,0.0,0.0,0.0,0.0,0.0
2026-05-29 22:00:00-06:00,0.0,0.0,0.0,0.0,0.0,0.0,0.0,0.0
2026-05-29 23:00:00-06:00,0.0,0.0,0.0,0.0,0.0,0.0,0.0,0.0
2026-05-30 00:00:00-06:00,0.0,0.0,0.0,0.0,0.0,0.0,0.0,0.0
2026-05-30 01:00:00-06:00,0.0,0.0,0.0,0.0,0.0,0.0,0.0,0.0
2026-05-30 02:00:00-06:00,0.0,0.0,0.0,0.0,0.0,0.0,0.0,0.0
2026-05-30 03:00:00-06:00,0.0,0.0,0.0,0.0,0.0,0.0,0.0,0.0
2026-05-30 04:00:00-06:00,0.0,0.0,0.0,0.0,0.0,0.0,0.0,0.0
2026-05-30 05:00:00-06:00,0.0,0.0,0.0,0.0,0.0,0.0,0.0,0.0
2026-05-30 06:00:00-06:00,7.0,2.0,3.419059600122099,9.881818,0.5436325085699362,0.15522436251197666,0.2654088092694433,0.7677221600668745
2026-05-30 07:00:00-06:00,120.0,33.0,99.6155628742049,92.40213,9.520987979611082,2.589788111459067,7.883508874873357,7.306029842205916
2026-05-30 08:00:00-06:00,312.0,91.0,288.7406524129086,289.48245,25.584717894854084,7.262685409550033,23.610768323056273,23.6735568968678
2026-05-30 09:00:00-06:00,515.0,282.0,484.0691771694001,486.1915,43.65766646592194,23.25387315054709,40.88704777621742,41.07654738989488
2026-05-30 10:00:00-06:00,701.0,554.0,686.3553206357518,662.2456,61.08747169040846,47.46944521843993,59.711563775625365,57.45565959566853
2026-05-30 11:00:00-06:00,855.0,747.0,812.4260903016242,808.6297,76.46013415844564,66.00161433949002,72.30972088045044,71.94136772500605
2026-05-30 12:00:00-06:00,953.0,812.0,894.8641432676623,882.1203,86.55771479515286,72.615278612402,80.76130055898165,79.49964193916571
2026-05-30 13:00:00-06:00,951.0,972.0,788.0903901202806,844.1995,86.5134608630099,88.62636298180567,70.41965401947425,75.903211570419
2026-05-30 14:00:00-06:00,918.0,887.0,754.3843008968777,841.04266,83.24103489130097,80.15726163407176,67.1803774474361,75.62067267327245
2026-05-30 15:00:00-06:00,782.0,499.0,726.335745597197,803.8103,70.08519514025589,43.32084969725504,64.6952761647039,72.21383103453145
2026-05-30 16:00:00-06:00,683.0,559.0,655.3708016359789,692.44165,60.609018208893616,48.9176376562035,57.97757371110074,61.5117270370087
2026-05-30 17:00:00-06:00,617.0,632.0,565.2520871065601,574.6591,53.5573976485298,54.9534937256527,48.775328688078396,49.64068892319874
2026-05-30 18:00:00-06:00,441.0,466.0,414.3880307865459,451.83154,37.495552830120666,39.736732303518075,35.123491506870934,38.46504754116412
2026-05-30 19:00:00-06:00,286.0,267.0,256.8613138010415,250.14626,23.8864389605112,22.249247705427184,21.378548772008568,20.802989953200793
2026-05-30 20:00:00-06:00,92.0,101.0,102.62167051028038,76.48236,7.4492305571269934,8.186977946459626,8.320080301581532,6.180994247491418
2026-05-30 21:00:00-06:00,3.0,4.0,4.35661299117549,0.0,0.0,0.0,0.0,0.0
2026-05-30 22:00:00-06:00,0.0,0.0,0.0,0.0,0.0,0.0,0.0,0.0
2026-05-30 23:00:00-06:00,0.0,0.0,0.0,0.0,0.0,0.0,0.0,0.0
2026-05-31 00:00:00-06:00,0.0,0.0,0.0,0.0,0.0,0.0,0.0,0.0
2026-05-31 01:00:00-06:00,0.0,0.0,0.0,0.0,0.0,0.0,0.0,0.0
2026-05-31 02:00:00-06:00,0.0,0.0,0.0,0.0,0.0,0.0,0.0,0.0
2026-05-31 03:00:00-06:00,0.0,0.0,0.0,0.0,0.0,0.0,0.0,0.0
2026-05-31 04:00:00-06:00,0.0,0.0,0.0,0.0,0.0,0.0,0.0,0.0
2026-05-31 05:00:00-06:00,0.0,0.0,0.0,0.0,0.0,0.0,0.0,0.0
2026-05-31 06:00:00-06:00,7.0,6.0,5.6983071422315925,10.477536,0.5394916213561061,0.4623618629147164,0.4390962618153359,0.8078676285224585
2026-05-31 07:00:00-06:00,119.0,107.0,110.51706595903151,93.036766,9.362249039385606,8.405417959994496,8.68555846399329,7.29564332582077
2026-05-31 08:00:00-06:00,313.0,300.0,291.57515713840326,318.4692,25.56696061486725,24.46638163935004,23.75492588103019,26.030985466323003
2026-05-31 09:00:00-06:00,504.0,499.0,448.9366385169494,472.31433,42.62047919167301,42.17290374186548,37.71882660506267,39.792522534982815
2026-05-31 10:00:00-06:00,623.0,611.0,548.2522763064107,593.72046,53.76723576275577,52.658848999214406,46.90965273956138,51.06783392440685
2026-05-31 11:00:00-06:00,727.0,752.0,763.593745810486,740.6065,63.75575785237005,66.13470155489948,67.24214542564378,65.04898432536292
2026-05-31 12:00:00-06:00,743.0,734.0,873.6113104939807,839.48663,65.78963304497672,64.92718056170264,78.48677082151953,75.13673714652859
2026-05-31 13:00:00-06:00,888.0,907.0,782.1914546134288,795.0711,80.2272571610589,82.11480230263203,69.84677877007528,71.09847839033003
2026-05-31 14:00:00-06:00,612.0,904.0,722.4919482111924,765.6126,53.817088110244306,82.11338487017323,64.32535410017195,68.49203340941946
2026-05-31 15:00:00-06:00,672.0,850.0,757.0740629372991,782.59094,59.62580183421095,76.92060896522341,67.81332173152343,70.2970606436824
2026-05-31 16:00:00-06:00,682.0,723.0,626.0179551201461,679.47473,60.58075270301285,64.51679636155312,55.26028114455081,60.33941469454825
2026-05-31 17:00:00-06:00,513.0,563.0,516.8690045327958,569.36566,44.74239253257659,49.382529497454136,45.09967601690514,49.97684008403079
